1,Hicks et. al.,2016,Merluccius productus,NE Pacific Ocean,48.00,-129.00,Pacific Hake Fishery,"Allowable Catch Adjustment, Climate Change, Ecosystem Based Management, Environmental Conditions, Fishing Behavior, Habitat Change, Implementation Uncertainty, Landing Regulations, Management Timeline, Migration, Monitoring Methodology, Multiple Sectors in Fishery, Predation, Spatial Structure, Species Interactions, Stock Status, Uncertainty",0,0,0,0,0,0,0,0,0,0,,,Unknown,,,"Fishery, Management, Scientists",,"Analysts, Fishery, Managers",,"Analysts, Fishery, Management",,Simulation modeling,"Hicks, A. C., Cox, S. P., Taylor, N., Taylor, I. G., Grandin, C., & Ianelli, J. N. (2016). Conservation and yield performance of harvest control rules for the transboundary Pacific hake fishery in US and Canadian waters. Management Science in Fisheries: An Introduction to Simulation-based Methods, 69.",,,0
2,Cox and Kronlund,2016,,,51.00,-130.00,British Columbia Sablefish,,0,0,0,0,0,0,0,0,0,0,,,,,,"Fishery, Government",,Fishery,,"Fishery, Government",,,"Cox, S. P., & Kronlund, A. R. (2016). Model-based management procedures for the sablefish fishery in British Columbia, Canada. Management Science in Fisheries: An Introduction to Simulation-based Methods, 86.",,"While the request to evaluate management was started by the fishery and government, it seems that the MSE was lead by the researchers, and the researchers made most of the decisions about what direction to take the MSE.",0
3,Breen et. al.,2016,,,-40.00,173.00,New Zealand rock lobster,,0,0,0,0,0,0,0,0,0,0,,,,,,"Fishery, Government",,"Analysts, Fishery",,"Analysts, Fishery",,,"Breen, P., Bentley, N., Haist, V., Starr, P., & Sykes, D. (2016). Management procedures for New Zealand rock lobster stocks. Management Science in Fisheries: An Introduction to Simulation-based Methods, 105.",,"There was a good deal of iteration occuring in this project that makes clear identification of the process, objectives, and management tools difficult.  Stakeholder interaction occurred, but it is not documented how it occurred, and in particular what effect that interaction had on the set of objectives and management tools considered.  It seems as if a number of decisions were made by the researchers in terms of moving from vague objectives to performance measures, and what set of performance measures were considered.  Stakeholders did explicitly identify some management tools to evaluate.  A large set of objectives was developed, but only a limited set of those objectives are presented in the results.  It is unclear how the final set was selected, although there is some discussion of a pareto-optimal set of management procedures.",0
4,Szuwalski and Punt,2016,,,57.00,-161.00,Eastern Bering Sea snow crab,,0,0,0,0,0,0,0,0,0,0,,,,,,Scientists,,"Analysts, Government",,Analysts,,,"Szuwalski, C.S., Punt, A.E., (2016). Fisheries management for regime-based recruitment: lessons from a management strategy evaluation for the fishery for snow crab in the eastern Bering Sea. Management Science in Fisheries: An Introduction to Simulation-based Methods, 105.",,"Results are not provided for all of the objectives listed in the text.  The authors state that they followed best practices for MSE such as: ""incorporating managers and stakeholders in the selection of objectives and performance metrics"", but it is not clear how that occurred.  This article and Punt et al. 2014 will be useful to return to for our climate work.",0
5,Hillary et. al.,2016,,,-50.00,77.00,Southern bluefin tuna,,0,0,0,0,0,0,0,0,0,0,,,,,,"Government, Scientists",,Government,,Government,,,"Hillary, R. M., Preece, A. L., Davies, C. R., Kurota, H., Sakai, O., Itoh, T., ... & Branch, T. A. (2016). Managing international tuna stocks via the management procedure approach. Management Science in Fisheries: An Introduction to Simulation-based Methods, 147.",,A management commision representing nations participating in the fishery was created.  This commision lead this MSE and was the source of the objs and procedures. The list of objectives does not match the set of performance criteria displayed in the results figure.,0
6,Jones et al,2016,,,42.00,-81.00,Lake Erie Walleye,,1,0,0,0,0,0,0,0,0,0,,,,,,"Fishery, Management",,"Fishery, Managers",,"Fishery, Management",,,"Jones, M. L., Catalano, M. J., Peterson, L. K., & Berger, A. M. (2016). Stakeholder-centered development of a harvest control rule for Lake Erie walleye. Management Science in Fisheries: an Introduction to Simulation-based Methods, 163-183.",,An explicit decision making process was followed for which a decision making body was established that included managers and stakeholders from the impacted regions and stakeholder groups.  Nice results section with a variety of figures and tables.,0
7,Dichmont et al,2016,,,-11.00,135.00,Australian Northern Prawn Fishery,,0,0,0,0,0,0,0,0,0,0,,,,,,Management,,Management,,,,,"Dichmont, C. M., Punt, A. E., Deng, R. A., Pascoe, S., & Buckworth, R. C. (2016). Northern prawn fishery: beyond biologically centred harvest strategies. Management Science in Fisheries: An Introduction to Simulation-based Methods, 184.",,"This MSE report is a summary of multiple iterations of an MSE approach to prawn management in Australia.  It includes accounting for economic impacts, with and bioeconomics model, and impacts to other species.  Objiectives were not explicitly weighted, but based on iterative feedback some trade-offs between objectives were apparently evaluated.",0
11,Williams et. al.,2011,coral trout (Plectropomus spp.),"Torres Strait, Australia",-10.00,142.00,Torres Strait Finfish Fishery,Multiple Sectors in Fishery,0,0,1,1,0,0,0,0,0,0,"What management strategy from a set of area closures, seasonal closures, and minimum size limits (an effort proxy) will best achieve the harvest, conservation, and economic objectives of the indigenous and non-indigenous finfish fisheries in Torres Strait Australia?",Objectives were elicited in consultation with stakeholders.  While stakeholders are mentioned an explicit listing of the stakeholders involved in the objective stage and the methodology used to conduct the elicitation are not provided.,Unknown,Unknown,,Unknown,"Facilitators, Fishery, Government, Management, Scientists","Fishery, Government, Management",,"Fishery, Government, Management",,Simulation modeling,"Williams, A. J., Little, L. R., and Begg, G. A. 2011. Balancing indigenous and non-indigenous commercial objectives in a coral reef finfish fishery. ICES Journal of Marine Science, 68: 834-847.",10.1093/icesjms/fsr034,"This MSE has an example of the downfall of setting target levels for objectives rather than using a max vs. min. approach because no strategies achieve the target.  The description of this MSE indicates that stakeholders were involved in the process, but the roles of the stakeholders, and a description of the process are not provided.  It is unclear who lead this MSE.  While the objectives are defined as target probabilities, the results are not presented this way.  They are presented in terms of the probability inputs.  No trade-off analysis occurred, so no optimal alternative is provided.  No decision or reporting of subsequent use of the analysis is documented.",1
12,Punt et. al.,2012,"red king crab, Paralithodes camtschaticus","Bristol Bay, Alaska",58.00,-161.00,"Bristol Bay, Alaska Red King Crab",Uncertainty,0,0,0,0,0,0,0,0,0,0,"How large a buffer should be set on harvest levels for Red King crab in Bristol Bay, Alaska to account for uncertainty in the assessment of the available harvest?",They weren't.  The set of performance metrics were seemingly selected by the scientists conducting the evaluation.,,Unknown,,Scientists,Scientists,,Scientists,,Scientists,Simulation modeling,"Punt, A. E., Siddeek, M. S. M., Garber-Yonts, B., Dalton, M., Rugolo, L., Stram, D., Turnock, B. J., and Zheng, J. 2012. Evaluating the impact of buffers to account for scientific uncertainty when setting TACs: application to red king crab in Bristol Bay, Alaska. - ICES Journal of Marine Science, 69: 624-634",10.1093/icesjms/fss047,"This article is not presented explicitly as a management strategy evaluation, but is discussed as being a management strategy evaluation minus a full operating model.  Seemingly no interaction with any stakeholders or decision makers occurred, and this was mainly a simulation study and not a decision making exercise.",1
13,Little et. al.,2009,common coral trout (Plectropomus leopardus) and red throat emperor (Lethrinus miniatus),"Great Barrier Reef, Australia",-18.00,148.00,Great Barrier Reef Coral Reef Finfish Fishery,Migration,0,0,0,0,0,0,0,0,0,0,What is the effect of effort controls and area closures on the finfish fihery of the great barrier reef?,It is unclear if there was any elicitation as there is not process documentation.,,Unknown,,Scientists,Scientists,,Scientists,,Scientists,Simulation modeling,"Little, L. R., Punt, A. E., Mapstone, B. D., Begg, G. A., Goldman, B., and Ellis, N. 2009. Different responses to area closures and effort controls for sedentary and migratory harvested species in a multispecies coral reef linefishery. - ICES Journal of Marine Science, 66: 1931-1941.",10.1093/icesjms/fsp164,"Seemingly no interaction with any stakeholders or decision makers occurred, and this was mainly a simulation study and not a decision making exercise.",1
14,Klaer et. al.,2012,"tiger flathead (Neoplatycephalus richardsoni),
jackass morwong (Nemadactylus macropterus), and
school whiting (Sillago flindersi).",South eastern Australia,-40.00,147.00,Southern and Eastern Scalefish and Shark Fishery,Stock Status,0,0,0,0,0,0,0,0,0,0,Can harvest control rules updated based on changes to catch length achieve the management objectives of the Southern and Eastern Scalefish and Shark Fishery?,"While it is noted that management objectives for the fishery are defined by a government agency, it is unclear if the objectives used here are those objectives, or how those objectives were elicted.",,Unknown,,Scientists,Scientists,,Scientists,,Scientists,Simulation modeling,"Neil L. Klaer, Sally E. Wayte, Gavin Fay,
An evaluation of the performance of a harvest strategy that uses an average-length-based assessment method. 2012. Fisheries Research, Volumes 134-136, Pages 42-51.",10.1016/j.fishres.2012.08.010,"Seemingly no interaction with any stakeholders or decision makers occurred, and this was mainly a simulation study and not a decision making exercise.",1
15,Curtis et. al.,2015,Western Pacific Leatherback Turtles (Dermochelys coriacea),U.S. West Coast EEZ,40.00,-126.00,California drift gillnet fishery,Monitoring Methodology,0,0,0,0,0,0,0,0,0,0,What limit reference points in the California drift gillnet fishery will best achieve threshold management objectives for Western Pacific Leatherback Turtles?,Objectives weren't elicted.  They were selected by the scientists based on IUCN and ESA criteria.,,Unknown,,Scientists,Scientists,,Scientists,,Scientists,Simulation modeling,"Curtis KA, Moore JE, Benson SR (2015) Estimating Limit Reference Points for Western Pacific Leatherback Turtles (Dermochelys coriacea) in the U.S. West Coast EEZ. PLoS ONE 10(9): e0136452. https://doi.org/10.1371/journal.pone.0136452",10.1371/journal.pone.0136452,"Seemingly no interaction with any stakeholders or decision makers occurred, and this was mainly a simulation study and not a decision making exercise.  In addition, the analysis is disconnected from the system in which the decision is actually being made.  That is, rather than conduct a trade-off analysis on the harvest rate in the fishery that results in the optimal result there and for leatherbacks, acceptable leatherback status is feed into a decision making process for the fishery.  This treatment of these linked problems has built in objective weighting of the leatherback objectives by treating them as constraints.",1
16,Cox et al,2013,sablefish (Anoplopoma fimbria),British Columbia (Canada),51.00,-129.00,multi-fleet multi-gear sablefish (Anoplopoma fimbria) fishery in British Columbia (Canada),Uncertainty,0,1,0,1,0,0,0,0,0,0,"Our specific objectives are to: (1) show how uncertainty in a complex stock assessment model leads to alternative BRPs and conservation objectives for the sablefish population, (2) use a closed-loop simulation model to compare how alternative operational control point choices affect management ability to meet conservation objectives defined by biological reference points, as well as short-term fishery economic objectives defined by stakeholders, and (3) test robustness of MPs under an unlikely, yet risky, population dynamics scenario.",It is unclear if there was any elicitation as there is not documentation of the objective development process.,,Visualization,,Scientists,"Fishery, Scientists",,"Fishery, Scientists",Scientists,"Fishery, Scientists",Simulation modeling,"Cox, S.P., Kronlund, A.R. and Benson, A.J., 2013. The roles of biological reference points and operational control points in management procedures for the sablefish (Anoplopoma fimbria) fishery in British Columbia, Canada. Environmental Conservation, 40(4), pp.318-328.",10.1017/S0376892913000271,"This was one of many articles to come out of MSEs published by the same authors related to their work on BS sablefish.  The process was not fully documented here, apart from the alternatives selected in this study.  It is possible the process is more fully documented in earlier articles related to this fishery.",1
17,Punt and Hobday,2009,rock lobster (Jasus edwardsii),"Victoria, Australia",-39.00,145.00,"Victoria, Australia rock lobster fishery","Allowable Catch Adjustment, Spatial Structure, Uncertainty",0,0,0,0,0,0,0,0,0,0,What spatial structure of stock assessments and management strategies will best achieve the management objectives for Rock lobster off of Victoria Australia?,"Unknown, no documentation of the process for objective determination",,Unknown,,Scientists,Scientists,,"Fishery, Scientists",,Scientists,Simulation modeling,"André E. Punt & David Hobday (2009) Management strategy evaluation
for rock lobster, Jasusedwardsii, off Victoria, Australia: Accounting for uncertainty in stock
structure, New Zealand Journal of Marine and Freshwater Research, 43:1, 485-509",10.1080/00288330909510017,"MSE focused on the spatial scale of stock assessments and management.  The results indicate that for the objectives considered a smaller spatial scale is best.  However, they note this approach is not feasible, so management cost objectives were clearly lacking.  No process documentation is included in the article.",1
18,Dichmont et. al.,2013,"Tiger prawn (Penaeus esculentus and P. semisulcatus), endeavour prawn (Metapenaeus endeavouri and M. ensis) and their ecosystem",Northern Australia,-13.00,139.00,Northern Australia prawn fishery,"Ecosystem Based Management, Spatial Structure",0,0,0,0,0,0,0,0,0,0,What spatial closure plan will best achieve the objectives for management of the ecosystem and prawn fishery occuring in northern Australia?,"Undocumented.  Also, many of the performance measure are not associated with a desired status, and result in double (or more) counting.",,Unknown,,Scientists,Scientists,,Scientists,,Scientists,Simulation modeling,"Dichmont, C.M., Ellis, N., Bustamante, R.H., Deng, R., Tickell, S., Pascual, R., Lozano?Montes, H. and Griffiths, S., 2013. EDITOR'S CHOICE: Evaluating marine spatial closures with conflicting fisheries and conservation objectives. Journal of Applied Ecology, 50(4), pp.1060-1070.",10.1111/1365-2664.12110,"The objectives for this study are a mess.  There is a substantial degree of overlap between performance measures, and in many cases it is unclear what the motivation for a performance measure is.  There is no documentation of interation with stakeholders and this appears to be primarily a simulation study.",1
19,Prellezo et. al.,2016,"Megrim (Lepidorhombus whiffiagonis), Hake (Merluccius merluccius), Black anglerfish (Lophius budegassa), White anglerfish (Lophius piscatorius), Western Horse mackeral (Trachurus trachurus), Mackeral (Scomber scombrus), Blue whiting (Micromesistius poutassou), Rays (Leucoraja naevus), Inshore squids (Loliginidae, Seabass (Dicentrarchus labrax), Cuttlefishes and bobtail squids (Sepiidae, Sepiolidae), Red mullet (Mullus surmuletus)",Bay of Biscay,46.00,-3.00,Bay of Biscay trawl fishery,Landing Regulations,0,0,0,0,0,0,0,0,0,0,"What effect with a landing obligation, and some limited exceptions, have on the Bay of Biscay trawl fishery?",Objectives and performance measures are not documented and can only be extrapolated from the results.,,Unknown,,Scientists,Scientists,,Unknown,,Scientists,Simulation modeling,"Prellezo, R., Carmona, I. and García, D., 2016. The bad, the good and the very good of the landing obligation implementation in the Bay of Biscay: A case study of Basque trawlers. Fisheries Research, 181, pp.172-185.",10.1016/j.fishres.2016.04.016,"This study was difficult to follow because it was seemingly written by an english as a second language writer, and the performance metrics weren't specified separately from the results.  Presented as a simulation study without connection to a decision process.",1
20,Dichmont et. al.,2006,Tiger prawn (Penaeus esculentus and P. semisulcatus),Northern Australia,-13.00,139.00,Northern Australia prawn fishery,"Monitoring Methodology, Uncertainty",0,0,0,0,0,0,0,0,0,0,What uncertainties are most influential to the achievement of fishery objectives in the Autralian northern prawn fishery?,Seemingly governmentally established reference points were translated into performance measures by the scientists.,,Unknown,,Scientists,Scientists,,Scientists,,Scientists,Simulation modeling,"Dichmont, C.M., Deng, A.R., Punt, A.E., Venables, W. and Haddon, M., 2006. Management strategies for short lived species: The case of Australia's Northern Prawn Fishery: 3. Factors affecting management and estimation performance. Fisheries Research, 82(1-3), pp.235-245.",10.1016/j.fishres.2006.06.008,"This is more of a value of information analysis than a management strategy evaluation, except without presenting the results in a VoI framework.  Put another way, this was a sensitivity analysis.",1
21,Plagányi et. al.,2013,"sandfish, black teatfish, surf redfish, white teatfish, deepwater redfish, hairy blackfish (Actinopyga miliaris), prickly redfish (Thelenota ananas), leopardfish (Bohadschia argus)",Torres Strait,-10.00,144.00,Torres Strait Sea cucumber fishery,"Climate Change, Monitoring Methodology, Uncertainty",0,0,0,0,0,0,0,0,0,0,"How will climate change, management strategy, and monitoring influence the status of the Torres Strait Sea cucumber fishery?","They were not, the scientists selected objectives, and a separate set of performance measures.",,Unknown,,Scientists,Scientists,,Scientists,,Scientists,"Expert Elicitation, Simulation modeling","Plagányi, É.E., Skewes, T.D., Dowling, N.A. and Haddon, M., 2013. Risk management tools for sustainable fisheries management under changing climate: a sea cucumber example. Climatic Change, 119(1), pp.181-197.",10.1007/s10584-012-0596-0,Odd that the performance measures selected do not correspond with the objective set developed.  Simulation study only,1
22,Wiedenmann et. al.,2017,NA,NA,0.00,0.00,Simulated fishery in U.S.,Uncertainty,0,0,0,0,0,0,0,0,0,0,How effective are various approaches to setting acceptable biological catch at avoiding overfishing resulting from assessment uncertainty?,Simulation study without stakeholder input,,Unknown,,Scientists,Scientists,,Scientists,,Scientists,Simulation modeling,"Wiedenmann, J., Wilberg, M., Sylvia, A. and Miller, T., 2016. An evaluation of acceptable biological catch (ABC) harvest control rules designed to limit overfishing. Canadian Journal of Fisheries and Aquatic Sciences, 74(7), pp.1028-1040.",10.1139/cjfas-2016-0381,"A simlulation study, not tied to any particular fishery.",1
23,Smith et. al.,2013,"horseshoe crabs (Limulus polyphemus), red knots (Calidris canutus rufa)",Delaware Bay,39.00,-75.00,Delaware Bay Horsewhoe crab fishery,"Allowable Catch Adjustment, Monitoring Methodology, Species Interactions, Uncertainty",1,1,1,1,1,0,1,0,0,0,"How to sustainably harvest [horseshoe crabs in Delaware Bay], including moratoria, given multispecies objectives?","Through consultations and public meetings with managers and stakeholders with additional input from scientific experts on sex ratio and carrying capacity.  While the objective function is reported, the full steps taken to produce it aren't explicit.",MCDA,,,Scientists,"Analysts, Decision Makers, Experts, Facilitators, Fishery, Government, Management, Scientists","Analysts, Fishery, Management, Scientists",,"Analysts, Fishery, Management",,"Dynamic programming, Simulation modeling","Smith, D.R., McGowan, C.P., Daily, J.P., Nichols, J.D., Sweka, J.A. and Lyons, J.E., 2013. Evaluating a multispecies adaptive management framework: must uncertainty impede effective decision?making?. Journal of Applied Ecology, 50(6), pp.1431-1440.",10.1111/1365-2664.12145,"Study combines active adaptive management with management strategy evaluation.  Documentation of the process is not particularly detailed as presented here, but that stakeholder elicitiation occurred is documented. A value of information analysis was conducted in addition to the MSE.",1
24,Wetzel and Punt,2015,"NA, two generic simulated species (flathish and rockfish)",United States West Coast,39.00,-125.00,US west coast groundfish,"Monitoring Methodology, Uncertainty",0,0,0,0,0,0,0,0,0,0,What are the impacts of monitoring method and stock assessment approachs associated with those methods to assessment performance?,Unspecified,,Unknown,,Scientists,Scientists,,Scientists,,Scientists,Simulation modeling,"Wetzel, C.R. and Punt, A.E., 2015. Evaluating the performance of data-moderate and catch-only assessment methods for US west coast groundfish. Fisheries research, 171, pp.170-187.",10.1016/j.fishres.2015.06.005,"Simulation analysis seemingly unassociated with fishery problem development.  Monitoring methodology problem that did not take a VoI approach, or incorporate objectives beyond those related to estimation error.",1
25,Bastardie et. al.,2010,eastern Baltic cod (Gadus morhua),Baltic Sea,59.00,20.00,Baltic Cod fishery,"Environmental Conditions, Fishing Behavior",0,0,0,0,0,0,0,0,0,0,"How will the recovery of Baltic cod be influenced by catch limit versus effort limit regulations, environmental conditions, and fleet behavior?",Unspecified.  Figures display more performance measures than described in the text.  Only those mentioned in the text are listed.,,Unknown,,Unknown,Scientists,,Scientists,,Management,Simulation modeling,"Francois Bastardie, J. Rasmus Nielsen, Gerd Kraus; The eastern Baltic cod fishery: a fleet-based management strategy evaluation framework to assess the cod recovery plan of 2008, ICES Journal of Marine Science, Volume 67, Issue 1, 1 January 2010, Pages 71-86",10.1093/icesjms/fsp228,"This is a simulation analysis, but it may have been initiated due to management questioning the impact of recently implemented management changes.  The performance measures are not well documented, and the measures described do not correspond to the measures displayed in the results.",1
26,Kolody et. al.,2008,Southern Bluefin Tuna (Thunnus maccoyi),Southern Ocean,-44.00,77.00,Southern Bluefin Tuna Fishery,Uncertainty,1,0,1,1,1,1,0,0,0,0,What management proceedure will best meet the management objectives for southern bluefin tuna?,"Through a series of workshops in which the management body provided objectives.  Only the SSB objective was explicitly established.  It seems that objective weights, or contraints for other objectives were attempted during the objective elicitation stage, which proved ineffective.",Visualization,,,Management,"Decision Makers, Facilitators, Fishery, Government, Independent, Management, Scientists",Management,,Scientists,,Simulation modeling,"Kolody, D., Polacheck, T., Basson, M. and Davies, C., 2008. Salvaged pearls: lessons learned from a floundering attempt to develop a management procedure for Southern Bluefin Tuna. Fisheries Research, 94(3), pp.339-350.",10.1016/j.fishres.2008.08.016,"This is a restrospective look back at an MSE process to derive lessons for fisheries management, and not exactly a documentation of a MSE itself.",1
27,Dawson et. al.,2016,sea lamprey (Petromyzon marinus),"Great Lakes, USA",45.00,-83.00,integrated pest management (IPM) program implemented by the Great Lakes Fishery Commission (GLFC) to control invasive sea lamprey (Petromyzon marinus) in the Laurentian Great Lakes,Uncertainty,0,0,0,0,0,0,0,0,0,0,"""Managers implementing IPM must decide how to allocate resources among implementation of status quo control strategies, research, development, implementation of novel pest management strategies, and refinement of existing management strategies.""",Unspecified,,Unknown,,Unknown,"Management, Scientists",,Scientists,,Scientists,Simulation modeling,"Dawson, H.A., Jones, M.L., Irwin, B.J., Johnson, N.S., Wagner, M.C. and Szymanski, M.D., 2016. Management Strategy Evaluation Of Pheromone?Baited Trapping Techniques To Improve Management Of Invasive Sea Lamprey. Natural Resource Modeling, 29(3), pp.448-469.",10.1111/nrm.12096,"Simulaiton study without documentation of the decision making process.  Not the usual MSE focused on harvest management, but a case of aiming to cause mortality in a cost effective way.",1
28,Froehlich et. al.,2017,Dungeness crab (Metacarcinus magister),"Hood Canal, Washington, USA",48.00,-123.00,Hood Canal Dungeness crab fishery,"Environmental Conditions, Implementation Uncertainty, Uncertainty",0,0,1,0,0,0,0,0,0,0,What Hood Canal Dungeness crab management strategies are robust to environmental and management uncertainty?,Co-managers' objectives and interests. Several in-person and remote meetings with Washington State and tribal co-managers were organized to reveal key interests and considerations regarding harvest strategy for testing. The input from the co-managers gave a clearer conceptual understanding of the model content and assumptions.,,Unknown,,Scientists,"Fishery, Government, Scientists","Fishery, Government",,,Unknown,"Expert elicitation, Simulation modeling","Froehlich, H.E., Essington, T.E. and McDonald, P.S., 2017. When does hypoxia affect management performance of a fishery? A management strategy evaluation of Dungeness crab (Metacarcinus magister) fisheries in Hood Canal, Washington, USA. Canadian journal of fisheries and aquatic sciences, 74(6), pp.922-932.",10.1139/cjfas-2016-0269,"Not a management strategy identification effort, but a consequence of environmental conditions study.",1
29,Punt et. al.,2012,Southern rock lobster (Jasus edwardsii),Great Australian Bight,-37.00,139.00,Australian Southern Zone Southern rock lobster fishery,Uncertainty,0,1,0,1,0,1,0,0,0,1,Which of two proposed decision rules will best meet the objectives of the Australian Southern Zone Southern rock lobster fishery?,Unspecified,,Mental Analysis,,Scientists,"Fishery, Government",,"Fishery, Government","Fishery, Government",,Simulation modeling,"Punt, A.E., McGarvey, R., Linnane, A., Phillips, J., Triantafillos, L. and Feenstra, J., 2012. Evaluating empirical decision rules for southern rock lobster fisheries: a South Australian example. Fisheries Research, 115, pp.60-71.",10.1016/j.fishres.2011.11.010,"Although the number of scenarios considered was not sufficient to conclude that all possible factors were considered, and the various scenarios were not weighted by the prior probabilities, the results of the analyses presented above assisted the selection of a DR for SZ rock lobster. The selected DR was the discrete rule. This selection was based on a number of factors, some based on results of the MSE and some based on other considerations. Specifically,
the performances of the two DRs were fairly similar with neither ""dominating"" the other. However, the discrete DR was seen to be more balanced (equally likely to increase as decrease the TACC) whereas it is more difficult to increase the TACC in the linear DR. Also, the discrete DR was proposed by the fishing industry and its acceptance increased stakeholder buy-in, a factor which cannot be over-emphasized during times when catch-rate [is in decline]",1
30,Irwin et. al.,2008,Yellow perch (Perca flavescens),"Lake Michigan, USA",44.00,-87.00,Lake Michigan Yellow perch fishery,Uncertainty,1,1,1,1,0,0,0,1,0,0,What harvest strategy should the Lake Michigan Committee and its constituent agencies adopt among different harvest policies to better meet their objectives for the fishery?,"During the first workshop, participants developed a list of potential general management objectives and associated specific measures of performance during a facilitated brainstorming exercise.  Performance measures were refined through the series of workshops.",Unknown,,,"Government, Management, Scientists","Decision Makers, Government, Management, Scientists","Government, Management",,"Government, Management",,"Expert elicitation, Simulation modeling","Irwin, B.J., Wilberg, M.J., Bence, J.R. and Jones, M.L., 2008. Evaluating alternative harvest policies for yellow perch in southern Lake Michigan. Fisheries Research, 94(3), pp.267-281.",10.1016/j.fishres.2008.05.009,,1
31,Kuykendall et. al.,2017,Atlantic surfclam (Spisula solidissima),Mid Atlantic Bight,40.00,-73.00,Mid Atlantic Bight Atlantic surfclam fishery,"Implementation Uncertainty, Spatial Structure, Uncertainty",0,0,0,0,0,0,0,0,0,0,"The objective of our study is to evaluate a range of area management options that may improve the Atlantic surfclam stock and the Atlantic surfclam fishery in the MAB.  My rewording would be, ""What area closure rules and closure duration will best achieve the objectives of the Atlantic surfclam fishery?""","The performance metrics are rooted in interviews with representatives from processing plants, industry trade organizations, and vessel
captains to ensure appropriateness. The performance metrics chosen are important in that they provide metrics that allow commercial stakeholders to evaluate the results of each management procedure based on their business model.",,Mental Analysis,,Scientists,"Fishery, Scientists",,"Fishery, Scientists",,"Fishery, Scientists",Simulation modeling,"Kuykendall, K.M., Powell, E.N., Klink, J.M., Moreno, P.T. and Leaf, R.T., 2017. Management strategy evaluation for the Atlantic surfclam (Spisula solidissima) using a spatially explicit, vessel-based fisheries model. Fishery Bulletin, 115(3).",10.7755/FB.115.3.3,"The decision process was not explicited documented, so the degree of stakeholder interaction was difficult to determine, but seemingly some interaction with stakeholders occurred.  This was predominantly a scientist lead simulation study.  The main driver evaluated was fishing behavior.",1
32,Fulton et. al.,2014,17 species in EBFM plan,Southeastern Australia,-39.00,146.00,Australia's Southern and Eastern Scalefish and Shark Fishery,"Ecosystem Based Management, Uncertainty",1,0,0,0,1,0,0,0,0,0,"Inexplicit, my version, ""What management strategy will best achieve the diverse objectives of a multiple species ecosystem based fisheries management plan?""",Unspecified,Visualization,,,Unknown,"Fishery, Independent, Management, Scientists",,"Fishery, Independent, Management, Scientists",,"Fishery, Independent, Management, Scientists",Simulation modeling,"Fulton, E.A., Smith, A.D., Smith, D.C. and Johnson, P., 2014. An integrated approach is needed for ecosystem based fisheries management: insights from ecosystem-level management strategy evaluation. PLoS One, 9(1), p.e84242.",10.1371/journal.pone.0084242,"Seemingly a stakeholder process occurred in this MSE, but it isn't documented, even in the referenced technical reports.  Performance measures are ill defined, as it the normalization process, which seems to combine results into categories before normalization.  Spider plots of the normalized scores were produced, seemingly presuming equal weighting.  Taken from text, ""When considering the performance of individual strategies these performance measures are considered individually, whereas for comparison across strategies they are pulled together into composite indices. For ease of interpretation and visualisation, the final composite values were then normalised over all strategies and all years so that the best result of a performance measure is assigned a value of 1 and all other values scaled accordingly.""",1
33,Haddon and Helidoniotis,2013,abalone (Haliotis rubra and Haliotis laevigata),Tasmania,-43.00,148.00,Tasmanian abalone fishery,"Spatial Structure, Uncertainty",0,0,0,0,0,0,0,0,0,0,"No single problem statement provided.  My version, ""What combination of legal minimum lengths will best meet the management objectives of the Tasmanian abalone fishery given the spatial structure of the abalone stocks?""","Objectives are not stated and evaluated in the simulation, but noted in the discussion",,Unknown,,Unknown,Scientists,,Unknown,,Scientists,Simulation modeling,"Haddon, M. and Helidoniotis, F., 2013. Legal minimum lengths and the management of abalone fisheries. Journal of Shellfish Research, 32(1), pp.197-208.",10.2983/035.032.0126,"Seeminlgly this isn't really a MSE, in that objectives weren't established.  So seemingly, rather than develop objectives and use a simulation study to test their achievement, a simulation study was conducted, and some possible objectives are discussed after the results were determined.",1
34,Chen et. al.,2018,Spanish mackerel (Scomberomorus Niphonius),China's Seas,33.00,124.00,Chinese Spanish mackerel fishery,Uncertainty,1,0,0,0,0,0,0,0,0,0,"Not explicitly stated in article, my version, ""What management procedure will best meet the management objectives of the Chinese spanish mackerel fishery given uncertainty in the natural mortality rate and the limit data available to assess the stock?""","Unstated, seemingly objectives were selected by the researchers from a set of available objectives in the DLMtoolkit.",,Unknown,,Scientists,Scientists,,Scientists,,Scientists,Simulation modeling,"Chen, N., Zhang, C., Sun, M., Xu, B., Xue, Y., Ren, Y. and Chen, Y., 2018. The impact of natural mortality variations on the performance of management procedures for Spanish mackerel (Scomberomorus niphonius) in the Yellow Sea, China. Acta Oceanologica Sinica, 37(8), pp.21-30.",10.1007/s13131-018-1234-0,"While a prefered MP was selected, this selection is based on the authors inexplicit weighting of trade-offs, and an undocumented trade-off evaluation method.  This MSE relied on the previously developed options available in the R package DLMtoolkit.",1
35,Kell et. al.,2005,"Roundfish stocks: North Sea cod, haddock, saithe and whiting, northern and southern Atlantic hake, and eastern and western Baltic cod",Northeast Atlantic,55.00,-22.00,Northeast Atlantic roundfish fishery,Uncertainty,0,0,0,0,0,0,0,0,0,0,"My version, ""How does uncertainty effect the results of the ICES management proceedures?""","Not elicited, supplied by authors seemingly.",,Unknown,,Unknown,Scientists,,Scientists,,Scientists,Simulation modeling,"Kell, L.T., Pilling, G.M., Kirkwood, G.P., Pastoors, M., Mesnil, B., Korsbrekke, K., Abaunza, P., Aps, R., Biseau, A., Kunzlik, P. and Needle, C., 2005. An evaluation of the implicit management procedure used for some ICES roundfish stocks. ICES Journal of Marine Science, 62(4), pp.750-759.",10.1016/j.icesjms.2005.01.001,"MSE in the sense that a simultion of the management system occurred, but seemingly no problem framing, objective elicitation, or alternative elicitation occurred.",1
36,Horbowy,2011,Baltic Cod proxy,Baltic Sea,59.00,20.00,"Generic ICES fishery, using Baltic Cod as example","Monitoring Methodology, Uncertainty",0,0,0,0,0,0,0,0,0,0,"My version, ""what stock assessment methodology and harvest control rules best achieve the management objectives for a simulated ICES fishery?""",Not discussed.,,Visualization,,Unknown,Scientists,,Unknown,,Scientists,Simulation modeling,"Horbowy, J., 2011. Comparison of stock management with production, difference, and age-structured models using operating models. Fisheries Research, 108(1), pp.153-162.",10.1016/j.fishres.2010.12.015,"Simulation driving study and no discussion of the decision making preceedure was provided.  The authors ranked performance across all performance measures, applying equal weighting to each performance measure in their trade-off analysis.",1
37,Ellis et. al.,2008,prawn,Torres Straight,-10.00,142.00,Torres Straight prawn fishery,"Allowable Catch Adjustment, Fishing Behavior, Species Interactions, Uncertainty",0,0,0,0,0,0,0,0,0,0,"The problem given by the authors is contained in this paragraph, ""The trawling industry is now under pressure from community groups, local legislation and international certification, to ensure the conservation of the ecosystem as a whole. Furthermore, there is now increasing recognition from both the fishing industry and the fisheries managers that sustainable harvesting requires the preservation of both the target stocks and the ecosystem in which
these resources are embedded. There is therefore a need for managers to understand the effects of their management actions on both the target stocks and the benthos.""  My version, ""What combination closures and effort restrictions will best achieve the fishing and benthic conservation objectives in the Torres Straight?""",Not discussed,,Unknown,,Scientists,"Decision Makers, Fishery, Government, Management, Public, Scientists",,Scientists,,"Fishery, Management, Scientists",Simulation modeling,"Ellis, N., Pantus, F., Welna, A. and Butler, A., 2008. Evaluating ecosystem-based management options: effects of trawling in Torres Strait, Australia. Continental Shelf Research, 28(16), pp.2324-2338.",10.1016/j.csr.2008.03.031,"A stakeholder process occurred as part of this MSE, but seemingingly it was a feedback process, not a proactive process.  At least, not problem defition or objective setting input is described.",1
38,Bischof et. al.,2012,"brown bear (Ursus arctos), Eurasian lynx (Lynx lynx), grey
wolf (Canis lupus) and wolverine (Gulo gulo)","Estonia, Latvia and Norway",62.00,9.00,European carnivore management,Implementation Uncertainty,0,0,0,0,0,0,0,0,0,0,"My version, ""What effect does implementation uncertainty have on the achievement of target harvest of european carnivores?""",No objectives stated.,,Unknown,,,,,Unknown,,,Simulation modeling,"Bischof, R., Nilsen, E.B., Broseth, H., Mannil, P., Ozolis, J. and Linnell, J.D., 2012. Implementation uncertainty when using recreational hunting to manage carnivores. Journal of Applied Ecology, 49(4), pp.824-832.",10.1111/j.1365-2664.2012.02167.x,"This was simulation study only, in that a decision was not clearly identified that relates to this study of implementation uncertainty.",1
39,Little et. al.,2011,common coral trout (Plectropomus leopardus),Great Barrier Reef,-18.00,148.00,Great Barrier Reef coral reef fin fish fishery,Fishing Behavior,0,0,0,0,0,0,0,0,0,0,"From authors, ""We explored the effects of harvest-management systems in the form of ITQs and no-take areas on economic returns and biomass of coral trout with a model that simulates the metapopulation dynamics of coral trout and its harvest""  My version, ""What combination of area closures and fishery regulations, either catch or effort limits, will produce the optimal economic return and fishery biomass?""",Not discussed,,Visualization,,Scientists,Scientists,,Scientists,,Scientists,Simulation modeling,"Little, L.R., Grafton, R.Q., Kompas, T., Smith, A.D.M., Punt, A.E. and Mapstone, B.D., 2011. Complementarity of no?take marine reserves and individual transferable catch quotas for managing the line fishery of the Great Barrier Reef. Conservation Biology, 25(2), pp.333-340.",10.1111/j.1523-1739.2010.01590.x,"No process discussion is presented by the authors.  Seemingly this was a scientist driven project without external input.  While an optimal alternative was not selected, as no weights were applied to the two objectives, the authors do note that a combination of a closure with an ITQ will out perform other options (competitive TAC, no closure).",1
40,Harford et. al.,2018,Red Grouper (Epinephelus morio),Gulf of Mexico,26.00,-90.00,Gulf of Mexico red grouper fishery,"Environmental Conditions, Management Timeline, Uncertainty",0,1,0,0,0,0,0,0,0,0,"(1) ""Does the existing GMFMC management approach need to be modified to achieve management objectives due to effects of episodic natural mortality events?""; and (2) ""If modifications are considered, what are their effects on and trade-offs for maintaining sustainable fisheries?""",Not discussed,,Unknown,,Scientists,Scientists,,Scientists,,Scientists,Simulation modeling,"Harford, W.J., Gruss, A., Schirripa, M.J., Sagarese, S.R., Bryan, M. and Karnauskas, M., 2018. Handle with care: establishing catch limits for fish stocks experiencing episodic natural mortality events. Fisheries, 43(10), pp.463-471.",10.1002/fsh.10131,No process discussion is presented.  Seemingly a scientist lead simulation study of the impacts of extreme natural mortality events and HCRs that are responsive to these effects.,1
41,Ives et. al.,2009,eastern school prawn (Metapenaeus macleayi),"Clarence River, New South Wales (NSW), Australia",-29.00,153.00,Clarence River eastern school prawn fishery,"Climate Change, Spatial Structure",0,0,0,1,1,0,1,0,0,0,What management strategy will best achieve Clarence River eastern school prawn fishery objectives given changes to river discharge resulting from future rainfall variability?,Unspecified.  The indicators aren't described prior to the results section,,Mental Analysis,,Unknown,"Fishery, Management, Scientists",,Unknown,"Fishery, Management",,Simulation modeling,"Ives, M.C., Scandol, J.P., Montgomery, S.S. and Suthers, I.M., 2010. Modelling the possible effects of climate change on an Australian multi-fleet prawn fishery. Marine and Freshwater Research, 60(12), pp.1211-1222.",10.1071/MF07110,"No clear alternative was selected, but in the discussion the authors note that each of the management strategies evaluated perform similarly for the objectives considered. They note the absense of additional objectives that are likely important, such as cost, that would likley lead to selection of the status quo strategy.",1
42,A'mar et. al.,2009,Walleye pollock (Theragra chalcogramma),Gulf of Alaska,58.00,-144.00,Gulf of Alaska Walleye pollock fishery,Climate Change,0,0,0,0,0,0,0,0,0,0,"Which of two proposed management strategies will perform best given climate change impacts to the Gulf of Alaska walleye pollock fishery, and are the proposed management strategies robust to climate change impacts?",Unspecified,,Unknown,,Scientists,"Management, Scientists",,"Management, Scientists",,Scientists,Simulation modeling,"A'mar, Z.T., Punt, A.E. and Dorn, M.W., 2009. The evaluation of two management strategies for the Gulf of Alaska walleye pollock fishery under climate change. ICES Journal of Marine Science, 66(7), pp.1614-1632.",10.1093/icesjms/fsp044,"The focus of this MSE is less on selecting a management procedure, and more on evaluating the implications of climate to management.",1
43,Brunel et al,2010,"herring (Clupea harengus), plaice (Pleuronectes platessa), and cod (Gadus morhua)",North Sea,57.00,4.00,North Sea fishery case studies,Climate Change,0,0,0,0,0,0,0,0,0,0,"Study problem defintion:  Do environmentally responsive harvest control rules improve the achievement of management outcomes?  This study doesn't seem to be directly triggered by management questions, but a management focused wording of the problem would be something like:  What combination of harvest control rule definition and environmental resposiveness strategy will best achieve fishery management objectives?",Unspecified,,Unknown,,Scientists,"Management, Scientists",,Unknown,,Scientists,Simulation modeling,"Brunel, T., Piet, G.J., van Hal, R. and Röckmann, C., 2010. Performance of harvest control rules in a variable environment. ICES Journal of Marine Science, 67(5), pp.1051-1062.",10.1093/icesjms/fsp297,This is a simulation study for three case studies more than an effort to determine the optimal management strategy for a particular fishery.,1
44,Punt,2011,Pacific ocean perch (S. alutus),Northeast Pacific,47.00,-136.00,Pacific ocean perch fishery,Climate Change,0,0,0,0,0,0,1,0,0,0,"As presented the problem definition would be: How well do current rebuilding plans, and plans that account for climate as a driver of stock status, perform given climate impacts?  That problem definition was not a decision question, but a research question.  A management question for this might be: ""What means off account for climate best achieves the objectives of a fisheries rebuilding plan given climate uncertainty?""","Unspecified, but seemingly selected by author.",,Unknown,,Scientists,Scientists,,Scientists,,Scientists,Simulation modeling,"Punt, A.E., 2011. The impact of climate change on the performance of rebuilding strategies for overfished groundfish species of the US west coast. Fisheries Research, 109(2-3), pp.320-329.",10.1016/j.fishres.2011.02.019,"Simulation study without documentation of the decision making process.  MSE focused on rebuilding plans, so assumption of a stock starting below a target abundance with additional objectives related to recovery.",1
45,Wayte,2013,Jackass morwong (Nemadactylus macropterus),Southeastern Australia,-39.00,146.00,Australia's Southern and Eastern Scalefish and Shark Fishery,Climate Change,0,0,0,0,0,0,0,0,0,0,"No problem definition is explicitly stated.  The closest statement in the journal article is: ""Management strategy evaluation (MSE) is used to explore the implications of making management decisions under the wrong recruitment assumption.""",Unspecified.  Those noted are based on government policy.,,Unknown,,Unknown,Scientists,,"Government, Scientists",,Scientists,Simulation modeling,"Wayte, S.E., 2013. Management implications of including a climate-induced recruitment shift in the stock assessment for jackass morwong (Nemadactylus macropterus) in south-eastern Australia. Fisheries Research, 142, pp.47-55.",10.1016/j.fishres.2012.07.009,This is a simulation study without any reference to a decision making process.,1
46,Weijerman et al,2016,coral ecosystem,Guam,13.00,145.00,Coral Reef based fisheries surround Guam,"Climate Change, Environmental Conditions, Habitat Change",1,0,1,1,1,0,1,0,0,0,"My definition, ""What management strategy will best achieve the management objectives for coral reef fisheries in guam given climate change and pollution impacts to coral reefs?""",a facilitated stakeholder meeting,Visualization,,,Scientists,"Facilitators, Fishery, Government, Independent, Management, Scientists","Fishery, Government, Independent, Management, Scientists",,"Fishery, Government, Independent, Management, Scientists",,Simulation modeling,"Weijerman, M., Fulton, E.A. and Brainard, R.E., 2016. Management strategy evaluation applied to coral reef ecosystems in support of ecosystem-based management. PLoS One, 11(3), p.e0152577.",10.1371/journal.pone.0152577,"Stakeholders were included in this process, and there was some documentation of the process.  Additional documentation could have covered the development of the problem, roles, and the results of the visual trade-off evaluation.",1
47,Little and Lin,2017,NA (beach management),"New South Wales, Australia",-33.00,152.00,New South Wales Beaches (not a fishery),Climate Change,0,1,0,1,0,0,0,0,0,0,"""Here, we focus on the adaptation option of coastal nourishment, where coastal land loss is combatted by replacing lost sand on the beach by pumping new sand (usually from offshore)."" While the authors have a section title ""defining the problem"", it is a mainly summary of the system ending with the statement above.  My problem definition given the information provided by the authors would be: ""What coastal management should be conducted to account for beach recession?""","They were not elicited, and were presumably provided by the authros.",,Mental Analysis,,Unknown,Scientists,,Scientists,,Scientists,Simulation modeling,"Little, L.R. and Lin, B.B., 2017. A decision analysis approach to climate adaptation: a structured method to consider multiple options. Mitigation and adaptation strategies for global change, 22(1), pp.15-28.",10.1007/s11027-015-9658-8,"This is not a fisheries decision, but a shoreline management decision.",0
48,Hofmann et al,2018,Atlantic surfclam (Spisula solidissima),Mid Atlantic Bight,40.00,-73.00,Mid Atlantic Bight surfclam fishery,"Climate Change, Migration",0,0,0,0,0,0,0,0,0,0,"Not provided clearly by authors.  My definition, ""How can surfclam be managed in a manner that accounts for known factors and impending climate change?""",None provided,,Unknown,,Unknown,Scientists,,,,,Unknown,"Hofmann, E.E., Powell, E.N., Klinck, J.M., Munroe, D.M., Mann, R., Haidvogel, D.B., NarvAEz, D.A., Zhang, X. and Kuykendall, K.M., 2018. An Overview of Factors Affecting Distribution of the Atlantic Surfclam (Spisula solidissima), a Continental Shelf Biomass Dominant, During a Period of Climate Change. Journal of Shellfish Research, 37(4), pp.821-832.",10.2983/035.037.0412,"Appartently an MSE was conducted, or is being conducted, but the objectives, and alternatives evaluated are not provided, only a conceptual model of the system is provided.",1
49,Kuykendall et al,2019,Atlantic surfclam (Spisula solidissima),Mid Atlantic Bight,40.00,-73.00,Mid Atlantic Bight surfclam fishery,"Climate Change, Uncertainty",0,0,0,0,0,0,0,0,0,0,"My summary, ""What spatial management strategy will best achieve surfclam management objectives in the future in response to the projected influence climate change may have of stock abundance?""","The performance metrics are rooted in interviews with representatives from processing plants, industry trade organizations, and vessel
captains to ensure appropriateness. The performance metrics chosen are important in that they provide metrics that allow commercial stakeholders to evaluate the results of each management procedure based on their business model.",,Mental Analysis,,Scientists,Scientists,,"Fishery, Scientists",,,Simulation modeling,"Kuykendall, K.M., Powell, E.N., Klinck, J.M., Moreno, P.T. and Leaf, R.T., 2019. The effect of abundance changes on a management strategy evaluation for the Atlantic surfclam (Spisula solidissima) using a spatially explicit, vessel-based fisheries model. Ocean & Coastal Management, 169, pp.68-85.",10.1016/j.ocecoaman.2018.11.008,Simulation model includes a model of fishing behavior.,1
50,Ianelli et al,2011,walleye pollock (Theragra chalcogramma),Eastern Bering Sea,57.00,-165.00,Eastern Bering Sea pollock fishery,Climate Change,0,0,0,0,1,0,0,0,0,0,"My summary, ""What management proceedure will be achieve the pollock fisher management objectives given future climate change?""","Unspecified how objectives, or the weights applied to those objectives, were selected.",MCDA,,,Scientists,"Experts, Scientists",,"Experts, Scientists",,"Experts, Scientists","Expert elicitation, Simulation modeling","Ianelli, J.N., Hollowed, A.B., Haynie, A.C., Mueter, F.J. and Bond, N.A., 2011. Evaluating management strategies for eastern Bering Sea walleye pollock (Theragra chalcogramma) in a changing environment. ICES Journal of Marine Science, 68(6), pp.1297-1304.",10.1093/icesjms/fsr010,"While Trade-offs were evaluated, the weights used were not elicited.  Authors note asking questions of experts, but it isn't clear who the experts are, or what questions they were asked.",1
