ID,YearPub,FullCitation,Sample,Reviewed,ClimateChangeDriver,Is Not an MSE?,Is MSE?
0,2019,"Kuykendall, K.M., Powell, E.N., Klinck, J.M., Moreno, P.T. and Leaf, R.T., 2019. The effect of abundance changes on a management strategy evaluation for the Atlantic surfclam",0,1,1,0,1
1,2019,"Siple, Margaret C.; Essington, Timothy E.; Plaganyi, Eva E. 2019. Forage fish fisheries management requires a tailored approach to balance trade-offs. FISH AND FISHERIES 20 1 110 124 10.1111/faf.12326",195,1,0,0,1
2,2018,"Okey, Thomas A. 2018. Indicators of marine ecosystem integrity for Canada's Pacific: An expert-based hierarchical approach. SCIENCE OF THE TOTAL ENVIRONMENT 645  1114 1125 10.1016/j.scitotenv.2018.07.184",84,0,1,1,0
3,2018,"Carruthers, Thomas R.; Hordyk, Adrian R. 2018. The Data-Limited Methods Toolkit (DLMtool): An R package for informing management of data-limited populations. METHODS IN ECOLOGY AND EVOLUTION 9 12 2388 2395 10.1111/2041-210X.13081",12,0,0,1,0
4,2018,"Duthie, A. Bradley; Cusack, Jeremy J.; Jones, Isabel L.; Minderman, Jeroen; Nilsen, Erlend B.; Pozo, Rocio A.; Rakotonarivo, O. Sarobidy; Van Moorter, Bram; Bunnefeld, Nils 2018. GMSE: An r package for generalised management strategy evaluation. METHODS I",160,0,0,1,0
5,2018,"Thomas, Freya M.; Vesk, Peter A.; Hauser, Cindy E. 2018. A field ecologist's adventures in the virtual world: using simulations to design data collection for complex models. ECOLOGICAL APPLICATIONS 28 8 2130 2141 10.1002/eap.1801",165,0,0,1,0
6,2018,"Surma, Szymon; Pitcher, Tony J.; Kumar, Rajeev; Varkey, Divya; Pakhomov, Evgeny A.; Lam, Mimi E. 2018. Herring supports Northeast Pacific predators and fisheries: Insights from ecosystem modelling and management strategy evaluation (vol 13, e0196307, 2018",23,0,0,0,1
7,2018,"Walsh, Jessica C.; Minto, Coilin; Jardim, Ernesto; Anderson, Sean C.; Jensen, Olaf P.; Afflerbach, Jamie; Dickey-Collas, Mark; Kleisner, Kristin M.; Longo, Catherine; Osio, Giacomo Chato; Selig, Elizabeth R.; Thorson, James T.; Rudd, Merrill B.; Papacosta",242,0,0,0,1
8,2018,"Watson, Jordan T.; Haynie, Alan C.; Sullivan, Patrick J.; Perruso, Larry; O'Farrell, Shay; Sanchirico, James N.; Mueter, Franz J. 2018. Vessel monitoring systems (VMS) reveal an increase in fishing efficiency following regulatory changes in a demersal lon",89,0,0,1,0
9,2018,"Elvarsson, Bjarki Por; Woods, Pamela J.; Bjornsson, Hoskuldur; Lentin, Jamie; Thordarson, Gudmundur 2018. Pushing the limits of a data challenged stock: A size- and age-structured assessment of ling (Molva molva) in Icelandic waters using Gadget. FISHERIE",120,0,0,0,1
10,2018,"Harford, William J.; Gruss, Arnaud; Schirripa, Michael J.; Sagarese, Skyler R.; Bryan, Meaghan; Karnauskas, Mandy 2018. Handle with Care: Establishing Catch Limits for Fish Stocks Experiencing Episodic Natural Mortality Events. FISHERIES 43 10 463 471 10.",46,1,0,0,1
11,2018,"Sun, Ming; Zhang, Chongliang; Chen, Yong; Xu, Binduo; Xue, Ying; Ren, Yiping 2018. Assessing the sensitivity of data-limited methods (DLMs) to the estimation of life-history parameters from length-frequency data. CANADIAN JOURNAL OF FISHERIES AND AQUATIC",68,0,0,0,1
12,2018,"Bellanger, Manuel; Macher, Claire; Merzereaud, Mathieu; Guyader, Olivier; Le Grand, Christelle 2018. Investigating trade-offs in alternative catch share systems: an individual-based bio-economic model applied to the Bay of Biscay sole fishery. CANADIAN JO",57,0,0,0,1
13,2018,"Forrest, Robyn E.; Holt, Kendra R.; Kronlund, A. Robert 2018. Performance of alternative harvest control rules for two Pacific groundfish stocks with uncertain natural mortality: Bias, robustness and trade-offs. FISHERIES RESEARCH 206  259 286 10.1016/j.f",125,0,1,1,0
14,2018,"Punt, Andre E.; Moreno, Paula; Brandon, John R.; Mathews, Michael A. 2018. Conserving and recovering vulnerable marine species: a comprehensive evaluation of the US approach for marine mammals. ICES JOURNAL OF MARINE SCIENCE 75 5 1813 1831 10.1093/icesjms",201,0,0,0,1
15,2018,"Ratz, Hans-Joachim; Lloret, Josep 2018. Inter-species quota flexibility - Exploring a new management tool in European Common Fisheries Policy. OCEAN & COASTAL MANAGEMENT 163  222 231 10.1016/j.ocecoaman.2018.06.017",181,0,0,0,1
16,2018,"Jensen, Alexander J.; Jones, Michael L. 2018. Forecasting the response of Great Lakes sea lamprey (Petromyzon marinus) to barrier removals. CANADIAN JOURNAL OF FISHERIES AND AQUATIC SCIENCES 75 9 1415 1426 10.1139/cjfas-2017-0243",223,0,0,0,1
17,2018,"Chen Ning; Zhang Chongliang; Sun Ming; Xu Binduo; Xue Ying; Ren Yiping; Chen Yong 2018. The impact of natural mortality variations on the performance of management procedures for Spanish mackerel (Scomberomorus niphonius) in the Yellow Sea, China. ACTA OC",39,1,0,0,1
18,2018,"Ono, Kotaro; Haynie, Alan C.; Hollowed, Anne B.; Ianelli, James N.; McGilliard, Carey R.; Punt, Andre E. 2018. Management strategy analysis for multispecies fisheries, including technical interactions and human behavior in modelling management decisions a",112,0,0,0,1
20,2018,"Plaganyi, Eva; Deng, Roy Aijun; Campbell, Robert A.; Dennis, Darren; Hutton, Trevor; Haywood, Michael; Tonks, Mark 2018. Evaluating an empirical harvest control rule for the Torres Strait Panulirus ornatus tropical rock lobster fishery. BULLETIN OF MARINE",249,0,0,0,1
21,2018,"Sagarese, Skyler R.; Rios, Adyan B.; Cass-Calay, Shannon L.; Cummings, Nancie J.; Bryan, Meaghan D.; Stevens, Molly H.; Harford, William J.; McCarthy, Kevin J.; Matter, Vivian M. 2018. Working Towards a Framework for Stock Evaluations in Data-Limited Fish",137,0,0,0,1
22,2018,"Szuwalski, Cody S.; Ianelli, James N.; Punt, Andre E. 2018. Reducing retrospective patterns in stock assessment and impacts on management performance. ICES JOURNAL OF MARINE SCIENCE 75 2 596 609 10.1093/icesjms/fsx159",83,0,1,1,0
23,2018,"Eriksen, Lasse F.; Moa, Pal F.; Nilsen, Erlend B. 2018. Quantifying risk of overharvest when implementation is uncertain. JOURNAL OF APPLIED ECOLOGY 55 2 482 493 10.1111/1365-2664.12992",62,0,0,0,1
24,2018,"Gao, Lei; Hailu, Atakelty 2018. Site closure management strategies and the responsiveness of conservation outcomes in recreational fishing. JOURNAL OF ENVIRONMENTAL MANAGEMENT 207  10 22 10.1016/j.jenvman.2017.11.003",188,0,0,0,1
25,2018,"Pacioni, Carlo; Kennedy, Malcolm S.; Berry, Oliver; Stephens, Danielle; Schumaker, Nathan H. 2018. Spatially-explicit model for assessing wild dog control strategies in Western Australia. ECOLOGICAL MODELLING 368  246 256 10.1016/j.ecolmodel.2017.12.001",231,0,0,0,1
26,2018,"Mackinson, Steven; Platts, Mark; Garcia, Clement; Lynam, Christopher 2018. Evaluating the fishery and ecological consequences of the proposed North Sea multi-annual plan. PLOS ONE 13 1   10.1371/journal.pone.0190015",123,0,0,0,1
27,2018,"Bayliss, P.; Finlayson, C. M.; Innes, J.; Norman-Lopez, A.; Bartolo, R.; Harford, A.; Pettit, N. E.; Humphrey, C. L.; van Dam, R.; Dutra, L. X. C.; Woodward, E.; Ligtermoet, E.; Steven, A.; Chariton, A.; Williams, D. K. 2018. An integrated risk-assessment",52,0,1,1,0
28,2018,"Nielsen, J. Rasmus; Thunberg, Eric; Holland, Daniel S.; Schmidt, Jorn O.; Fulton, Elizabeth A.; Bastardie, Francois; Punt, Andre E.; Allen, Icarus; Bartelings, Heleen; Bertignac, Michel; Bethke, Eckhard; Bossier, Sieme; Buckworth, Rik; Carpenter, Griffin;",131,0,0,1,0
29,2017,"Milner-Gulland, E. J.; Shea, Katriona 2017. Embracing uncertainty in applied ecology. JOURNAL OF APPLIED ECOLOGY 54 6 2063 2068 10.1111/1365-2664.12887",110,0,0,1,0
30,2017,"Lee, Hui-Hua; Piner, Kevin R.; Maunder, Mark N.; Taylor, Ian G.; Methot, Richard D., Jr. 2017. Evaluation of alternative modelling approaches to account for spatial effects due to age-based movement. CANADIAN JOURNAL OF FISHERIES AND AQUATIC SCIENCES 74 1",28,0,0,1,0
31,2017,"Szuwalski, Cody S.; Thorson, James T. 2017. Global fishery dynamics are poorly predicted by classical models. FISH AND FISHERIES 18 6 1085 1095 10.1111/faf.12226",25,0,0,1,0
32,2017,"Nyamweya, Chrispine Sangara; Sturludottir, Erla; Tomasson, Tumi; Taabu-Munyaho, Anthony; Njiru, Murithi; Stefansson, Gunnar 2017. Prediction of Lake Victoria's response to varied fishing regimes using the Atlantis ecosystem model. FISHERIES RESEARCH 194",135,0,0,0,1
33,2017,"Xing, Lei; Zhang, Chongliang; Chen, Yong; Shin, Yunne-Jai; Verley, Philippe; Yu, Haiqing; Ren, Yiping 2017. An individual-based model for simulating the ecosystem dynamics of Jiaozhou Bay, China. ECOLOGICAL MODELLING 360  120 131 10.1016/j.ecolmodel.2017.",133,0,0,1,0
34,2017,"Tsai, P. -H.; Lin, C. -F. 2017. Creating a Management Strategy Evaluation Model for Taipei City Sports Centre by Using Hybrid MCDM Models. JOURNAL OF TESTING AND EVALUATION 45 5   10.1520/JTE20160251",162,0,0,0,1
35,2017,"Link, Jason S.; Thebaud, Olivier; Smith, David C.; Smith, Anthony D. M.; Schmidt, Joern; Rice, Jake; Poos, Jan Jaap; Pita, Cristina; Lipton, Doug; Kraan, Marloes; Frusher, Stewart; Doyen, Luc; Cudennec, Annie; Criddle, Keith; Bailly, Denis 2017. Keeping H",124,0,1,1,0
36,2017,"Wiedenmann, John; Wilberg, Michael; Sylvia, Andrea; Miller, Thomas 2017. An evaluation of acceptable biological catch (ABC) harvest control rules designed to limit overfishing. CANADIAN JOURNAL OF FISHERIES AND AQUATIC SCIENCES 74 7 1028 1040 10.1139/cjfa",19,1,0,0,1
37,2017,"Froehlich, Halley E.; Essington, Timothy E.; McDonald, P. Sean 2017. When does hypoxia affect management performance of a fishery? A management strategy evaluation of Dungeness crab (Metacarcinus magister) fisheries in Hood Canal, Washington, USA. CANADIA",29,1,0,0,1
38,2017,"Harford, William J.; Carruthers, Thomas R. 2017. Interim and long-term performance of static and adaptive management procedures. FISHERIES RESEARCH 190  84 94 10.1016/j.fishres.2017.02.003",228,0,0,0,1
39,2017,"Tommasi, Desiree; Stock, Charles A.; Hobday, Alistair J.; Methot, Rick; Kaplan, Isaac C.; Eveson, J. Paige; Holsman, Kirstin; Miller, Timothy J.; Gaichas, Sarah; Gehlen, Marion; Pershing, Andrew; Vecchi, Gabriel A.; Msadek, Rym; Delworth, Tom; Eakin, C. M",80,0,0,1,0
40,2017,"Dichmont, Catherine M.; Fulton, Elizabeth A.; Gorton, Rebecca; Sporcic, Miriana; Little, L. Richard; Punt, Andre E.; Dowling, Natalie; Haddon, Malcolm; Klaer, Neil; Smith, David C. 2017. From data rich to data-limited harvest strategies-does more data mea",130,0,0,0,1
41,2017,"Brandon, John R.; Punt, Andre E.; Moreno, Paula; Reeves, Randall R. 2017. Toward a tier system approach for calculating limits on human-caused mortality of marine mammals. ICES JOURNAL OF MARINE SCIENCE 74 3 877 887 10.1093/icesjms/fsw202",191,0,0,0,1
42,2017,"Pascoe, Sean D.; Plaganyi, Eva E.; Dichmont, Catherine M. 2017. Modelling multiple management objectives in fisheries: Australian experiences. ICES JOURNAL OF MARINE SCIENCE 74 2 464 474 10.1093/icesjms/fsw051",216,0,0,1,0
43,2017,"Punt, Andre E. 2017. Strategic management decision-making in a complex world: quantifying, understanding, and using trade-offs. ICES JOURNAL OF MARINE SCIENCE 74 2 499 510 10.1093/icesjms/fsv193",64,0,1,1,0
44,2017,"Garcia, Dorleta; Prellezo, Raul; Sampedro, Paz; Da-Rocha, Jose Maria; Castro, Jose; Cervino, Santiago; Garcia-Cutrin, Javier; Gutierrez, Maria-Jose 2017. Bioeconomic multistock reference points as a tool for overcoming the drawbacks of the landing obligat",203,0,0,0,1
45,2017,"Bastardie, Francois; Nielsen, J. Rasmus; Eero, Margit; Fuga, Federico; Rindorf, Anna 2017. Effects of changes in stock productivity and mixing on sustainable fishing and economic viability. ICES JOURNAL OF MARINE SCIENCE 74 2 535 551 10.1093/icesjms/fsw08",144,0,0,0,1
46,2017,"Gaichas, Sarah K.; Fogarty, Michael; Fay, Gavin; Gamble, Robert; Lucey, Sean; Smith, Laurel 2017. Combining stock, multispecies, and ecosystem level fishery objectives within an operational management procedure: simulations to start the conversation. ICES",79,0,0,0,1
47,2017,"Burgess, Matthew G.; Giacomini, Henrique C.; Szuwalski, Cody S.; Costello, Christopher; Gaines, Steven D. 2017. Describing ecosystem contexts with single-species models: a theoretical synthesis for fisheries. FISH AND FISHERIES 18 2 264 284 10.1111/faf.12",1,0,0,1,0
48,2017,"Nakatsuka, Shuya 2017. Management strategy evaluation in regional fisheries management organizations - How to promote robust fisheries management in international settings. FISHERIES RESEARCH 187  127 138 10.1016/j.fishres.2016.11.018",88,0,0,1,0
49,2017,"Wetzel, Chantel R.; Punt, Andre 2017. The performance and trade-offs of alternative harvest control rules to meet management goals for US west coast flatfish stocks. FISHERIES RESEARCH 187  139 149 10.1016/j.fishres.2016.11.019",94,0,0,0,1
50,2017,"Gruss, Arnaud; Rose, Kenneth A.; Simons, James; Ainsworth, Cameron H.; Babcock, Elizabeth A.; Chagaris, David D.; De Mutsert, Kim; Froeschke, John; Himchak, Peter; Kaplan, Isaac C.; O'Farrell, Halie; Zetina Rejon, Manuel J. 2017. Recommendations on the Us",157,0,0,1,0
51,2017,"Kuykendall, Kelsey M.; Powell, Eric N.; Klinck, John M.; Moreno, Paula T.; Leaf, Robert T. 2017. Management strategy evaluation for the Atlantic surfclam (Spisula solidissima) using a spatially explicit, vessel-based fisheries model. FISHERY BULLETIN 115",34,1,0,0,1
52,2017,"Little, L. Richard; Lin, Brenda B. 2017. A decision analysis approach to climate adaptation: a structured method to consider multiple options. MITIGATION AND ADAPTATION STRATEGIES FOR GLOBAL CHANGE 22 1 15 28 10.1007/s11027-015-9658-8",117,1,1,0,1
53,2016,"Wam, Hilde Karine; Bunnefeld, Nils; Clarke, Nicholas; Hofstad, Ole 2016. Conflicting interests of ecosystem services: Multi-criteria modelling and indirect evaluation of trade-offs between monetary and non-monetary measures. ECOSYSTEM SERVICES 22  280 288",74,0,0,1,0
54,2016,"Punt, Andre E.; Ortiz, Ivonne; Aydin, Kerim Y.; Hunt, George L., Jr.; Wiese, Francis K. 2016. End-to-end modeling as part of an integrated research program in the Bering Sea. DEEP-SEA RESEARCH PART II-TOPICAL STUDIES IN OCEANOGRAPHY 134  413 423 10.1016/j",67,0,0,0,1
55,2016,"Hutton, T.; van Putten, E. I.; Pascoe, S. D.; Deng, R. A.; Plaganyi, E. E.; Dennis, D. 2016. Trade-offs in transitions between indigenous and commercial fishing sectors: the Torres Strait tropical rock lobster fishery. FISHERIES MANAGEMENT AND ECOLOGY 23",214,0,0,1,0
56,2016,"Gruess, Arnaud; Harford, William J.; Schirripa, Michael J.; Velez, Laure; Sagarese, Skyler R.; Shin, Yunne-Jai; Verley, Philippe 2016. Management strategy evaluation using the individual-based, multispecies modeling approach OSMOSE. ECOLOGICAL MODELLING 3",48,0,0,0,1
57,2016,"Farcas, Adrian; Rossberg, Axel G. 2016. Maximum sustainable yield from interacting fish stocks in an uncertain world: two policy choices and underlying trade-offs. ICES JOURNAL OF MARINE SCIENCE 73 10 2499 2508 10.1093/icesjms/fsw113",230,0,0,0,1
58,2016,"Fulton, Elizabeth A.; Punt, Andre E.; Dichmont, Catherine M.; Gorton, Rebecca; Sporcic, Miriana; Dowling, Natalie; Little, L. Richard; Haddon, Malcolm; Klaer, Neil; Smith, David C. 2016. Developing risk equivalent data-rich and data-limited harvest strate",172,0,0,0,1
59,2016,"Punt, Andre E.; MacCall, Alec D.; Essington, Timothy E.; Francis, Tessa B.; Hurtado-Ferro, Felipe; Johnson, Kelli F.; Kaplan, Isaac C.; Koehn, Laura E.; Levin, Phillip S.; Sydeman, William J. 2016. Exploring the implications of the harvest control rule fo",204,0,0,0,1
60,2016,"Harford, W. J.; Gedamke, T.; Babcock, E. A.; Carcamo, R.; McDonald, G.; Wilson, J. R. 2016. Management strategy evaluation of a multi-indicator adaptive framework for data-limited fisheries management. BULLETIN OF MARINE SCIENCE 92 4 423 445 10.5343/bms.2",205,0,0,0,1
61,2016,"Wetzel, Chantel R.; Punt, Andre E. 2016. The impact of alternative rebuilding strategies to rebuild overfished stocks. ICES JOURNAL OF MARINE SCIENCE 73 9 2190 2207 10.1093/icesjms/fsw073",199,0,0,0,1
62,2016,"Kell, Laurence T.; Nash, Richard D. M.; Dickey-Collas, Mark; Mosqueira, Iago; Szuwalski, Cody 2016. Is spawning stock biomass a robust proxy for reproductive potential?. FISH AND FISHERIES 17 3 596 616 10.1111/faf.12131",49,0,0,1,0
63,2016,"Dichmont, Catherine M.; Punt, Andre E.; Dowling, Natalie; De Oliveira, Jose A. A.; Little, Lorne R.; Sporcic, Miriana; Fulton, Elizabeth; Gorton, Rebecca; Klaer, Neil; Haddon, Malcolm; Smith, David C. 2016. Is risk consistent across tier-based harvest con",42,0,0,1,0
64,2016,"Prellezo, Raul; Carmona, Itsaso; Garcia, Dorleta 2016. The bad, the good and the very good of the landing obligation implementation in the Bay of Biscay: A case study of Basque trawlers. FISHERIES RESEARCH 181  172 185 10.1016/j.fishres.2016.04.016",16,1,0,0,1
65,2016,"Dawson, Heather A.; Jones, Michael L.; Irwin, Brian J.; Johnson, Nicholas S.; Wagner, Michael C.; Szymanski, Melissa D. 2016. MANAGEMENT STRATEGY EVALUATION OF PHEROMONE-BAITED TRAPPING TECHNIQUES TO IMPROVE MANAGEMENT OF INVASIVE SEA LAMPREY. NATURAL RES",27,1,0,0,1
66,2016,"Kolody, Dale S.; Eveson, J. Paige; Hillary, Richard M. 2016. Modelling growth in tuna RFMO stock assessments: Current approaches and challenges. FISHERIES RESEARCH 180  177 193 10.1016/j.fishres.2015.06.016",210,0,0,1,0
67,2016,"Dwyer, K. S.; Treble, M. A.; Campana, S. E. 2016. Age and growth of Greenland Halibut (Reinhardtius hippoglossoides) in the Northwest Atlantic: A changing perception based on bomb radiocarbon analyses. FISHERIES RESEARCH 179  342 350 10.1016/j.fishres.201",198,0,0,1,0
68,2016,"Punt, Andre E.; Butterworth, Doug S.; de Moor, Carryn L.; de Oliveira, Jose A. A.; Haddon, Malcolm 2016. Management strategy evaluation: best practices. FISH AND FISHERIES 17 2 303 334 10.1111/faf.12104",150,0,0,1,0
69,2016,"Hillary, Richard M.; Preece, Ann L.; Davies, Campbell R.; Kurota, Hiroyuki; Sakai, Osamu; Itoh, Tomoyuki; Parma, Ana M.; Butterworth, Doug S.; Ianelli, James; Branch, Trevor A. 2016. A scientific alternative to moratoria for rebuilding depleted internatio",95,0,0,0,1
70,2016,"Drouineau, Hilaire; Lobry, Jeremy; Bez, Nicolas; Travers-Trolet, Morgane; Vermard, Youen; Gascuel, Didier 2016. The need for a protean fisheries science to address the degradation of exploited aquatic ecosystems. AQUATIC LIVING RESOURCES 29 2   10.1051/al",187,0,1,1,0
71,2016,"Harford, William J.; Babcock, Elizabeth A. 2016. Aligning monitoring design with fishery decision-making: examples of management strategy evaluation for reef-associated fisheries. AQUATIC LIVING RESOURCES 29 2   10.1051/alr/2016018",77,0,0,0,1
72,2016,"Lehuta, Sigrid; Girardin, Raphael; Mahevas, Stephanie; Travers-Trolet, Morgane; Vermard, Youen 2016. Reconciling complex system models and fisheries advice: Practical examples and leads. AQUATIC LIVING RESOURCES 29 2   10.1051/alr/2016022",221,0,1,1,0
73,2016,"Weijerman, Mariska; Fulton, Elizabeth A.; Brainard, Russell E. 2016. Management Strategy Evaluation Applied to Coral Reef Ecosystems in Support of Ecosystem-Based Management. PLOS ONE 11 3   10.1371/journal.pone.0152577",182,1,1,0,1
74,2016,"Skern-Mauritzen, Mette; Ottersen, Geir; Handegard, Nils Olav; Huse, Geir; Dingsor, Gjert E.; Stenseth, Nils C.; Kjesbu, Olav S. 2016. Ecosystem processes are rarely included in tactical fisheries management. FISH AND FISHERIES 17 1 165 175 10.1111/faf.121",66,0,0,1,0
75,2016,"Dankel, Dorothy Jane; Volstad, Jon Helge; Aanes, Sondre 2016. Communicating uncertainty in quota advice: a case for confidence interval harvest control rules (CI-HCRs) for fisheries. CANADIAN JOURNAL OF FISHERIES AND AQUATIC SCIENCES 73 2 309 317 10.1139/",148,0,0,1,0
76,2016,"Benson, Ashleen Julia; Cooper, Andrew B.; Carruthers, Thomas R. 2016. An Evaluation of Rebuilding Policies for US Fisheries. PLOS ONE 11 1   10.1371/journal.pone.0146278",224,0,0,0,1
77,2016,"Hasnine, M. Sami; Weiss, Adam; Habib, Khandker Nurul 2016. Development of an Employer-Based Transportation Demand Management Strategy Evaluation Tool with an Advanced Discrete Choice Model in Its Core. TRANSPORTATION RESEARCH RECORD  2542 65 74 10.3141/25",245,0,0,1,0
78,2016,"Fisher, Emily A.; Hesp, S. Alex; Hall, Norman G. 2016. Exploring the Effectiveness of a Fisheries Simulation Model for Communicating Stock Assessment Information. NORTH AMERICAN JOURNAL OF FISHERIES MANAGEMENT 36 4 813 827 10.1080/02755947.2016.1165770",115,0,0,1,0
79,2016,"Carruthers, Thomas R.; Kell, Laurence T.; Butterworth, Doug D. S.; Maunder, Mark N.; Geromont, Helena F.; Walters, Carl; McAllister, Murdoch K.; Hillary, Richard; Levontin, Polina; Kitakado, Toshihide; Davies, Campbell R. 2016. Performance review of simpl",78,0,0,0,1
80,2015,"Wiedenmann, John; Wilberg, Michael J.; Sylvia, Andrea; Miller, Thomas J. 2015. Autocorrelated error in stock assessment estimates: Implications for management strategy evaluation. FISHERIES RESEARCH 172  325 334 10.1016/j.fishres.2015.07.037",13,0,0,0,1
81,2015,"Fulton, Elizabeth A.; Bax, Nicholas J.; Bustamante, Rodrigo H.; Dambacher, Jeffrey M.; Dichmont, Catherine; Dunstan, Piers K.; Hayes, Keith R.; Hobday, Alistair J.; Pitcher, Roland; Plaganyi, Eva E.; Punt, Andre E.; Savina-Rolland, Marie; Smith, Anthony D",175,0,0,1,0
82,2015,"Dutra, Leo X. C.; Thebaud, Olivier; Boschetti, Fabio; Smith, Anthony D. M.; Dichmont, Catherine M. 2015. Key issues and drivers affecting coastal and marine resource decisions: Participatory management strategy evaluation to support adaptive management. O",238,0,1,1,0
83,2015,"Hordyk, Adrian R.; Loneragan, Neil R.; Prince, Jeremy D. 2015. An evaluation of an iterative harvest strategy for data-poor fisheries using the length-based spawning potential ratio assessment methodology. FISHERIES RESEARCH 171  20 32 10.1016/j.fishres.2",141,0,0,0,1
84,2015,"Thorson, James T.; Cope, Jason M. 2015. Catch curve stock-reduction analysis: An alternative solution to the catch equations. FISHERIES RESEARCH 171  33 41 10.1016/j.fishres.2014.03.024",154,0,0,1,0
85,2015,"Dowling, N. A.; Dichmont, C. M.; Haddon, M.; Smith, D. C.; Smith, A. D. M.; Sainsbury, K. 2015. Guidelines for developing formal harvest strategies for data-poor species and fisheries. FISHERIES RESEARCH 171  130 140 10.1016/j.fishres.2014.09.013",3,0,0,1,0
86,2015,"Wetzel, Chantel R.; Punt, Andre E. 2015. Evaluating the performance of data-moderate and catch-only assessment methods for US west coast groundfish. FISHERIES RESEARCH 171  170 187 10.1016/j.fishres.2015.06.005",21,1,0,0,1
87,2015,"Adkison, Milo D.; Cunningham, Curry J. 2015. The effects of salmon abundance and run timing on the performance of management by emergency order. CANADIAN JOURNAL OF FISHERIES AND AQUATIC SCIENCES 72 10 1518 1526 10.1139/cjfas-2015-0174",243,0,0,0,1
88,2015,"Curtis, K. Alexandra; Moore, Jeffrey E.; Benson, Scott R. 2015. Estimating Limit Reference Points for Western Pacific Leatherback Turtles (Dermochelys coriacea) in the US West Coast EEZ. PLOS ONE 10 9   10.1371/journal.pone.0136452",10,1,0,0,1
89,2015,"Ichinokawa, Momoko; Okamura, Hiroshi; Watanabe, Chikako; Kawabata, Atsushi; Oozeki, Yoshioki 2015. Effective time closures: quantifying the conservation benefits of input control for the Pacific chub mackerel fishery. ECOLOGICAL APPLICATIONS 25 6 1566 158",250,0,0,0,1
90,2015,"Moeseneder, Christian; Dutra, Leo; Thebaud, Olivier; Ellis, Nick; Boschetti, Fabio; Tickell, Sharon; Dichmont, Cathy; de la Mare, William; Pascual, Ricardo; Cannard, Toni 2015. A simulation interface designed for improved user interaction and learning in",47,0,0,0,1
91,2015,"Smith, Michael D.; Fulton, Elizabeth A.; Day, Robert W. 2015. Using an Atlantis model of the southern Benguela to explore the response of ecosystem indicators for fisheries management. ENVIRONMENTAL MODELLING & SOFTWARE 69  23 41 10.1016/j.envsoft.2015.03",169,0,0,0,1
92,2015,"Piet, Gerjan J.; Jongbloed, Ruud H.; Knights, Antony M.; Tamis, Jacqueline E.; Paijmans, Anneke J.; van der Sluis, Marieken T.; de Vries, Pepijn; Robinson, Leonie A. 2015. Evaluation of ecosystem-based marine management strategies based on risk assessment",166,0,0,0,1
93,2015,"Trenkel, Verena M.; Rochet, Marie-Joelle; Rice, Jake C. 2015. A framework for evaluating management plans comprehensively. FISH AND FISHERIES 16 2 310 328 10.1111/faf.12058",219,0,0,1,0
94,2015,"Fay, Gavin; Link, Jason S.; Large, Scott I.; Gamble, Robert J. 2015. Management performance of ecological indicators in the Georges Bank finfish fishery. ICES JOURNAL OF MARINE SCIENCE 72 5 1285 1296 10.1093/icesjms/fsu214",207,0,0,0,1
95,2015,"Cortes, Enric; Brooks, Elizabeth N.; Shertzer, Kyle W. 2015. Risk assessment of cartilaginous fish populations. ICES JOURNAL OF MARINE SCIENCE 72 3 1057 1068 10.1093/icesjms/fsu157",58,0,0,1,0
96,2015,"King, Jacquelynne R.; McFarlane, Gordon A.; Punt, Andre E. 2015. Shifts in fisheries management: adapting to regime shifts. PHILOSOPHICAL TRANSACTIONS OF THE ROYAL SOCIETY B-BIOLOGICAL SCIENCES 370 1659   10.1098/rstb.2013.0277",82,0,0,1,0
97,2015,"Levin, Phillip S.; Moellmann, Christian 2015. Marine ecosystem regime shifts: challenges and opportunities for ecosystem-based management. PHILOSOPHICAL TRANSACTIONS OF THE ROYAL SOCIETY B-BIOLOGICAL SCIENCES 370 1659   10.1098/rstb.2013.0275",248,0,0,1,0
98,2015,"Thorson, James T.; Jensen, Olaf P.; Hilborn, Ray 2015. Probability of stochastic depletion: an easily interpreted diagnostic for stock assessment modelling and fisheries management. ICES JOURNAL OF MARINE SCIENCE 72 2 428 435 10.1093/icesjms/fsu127",81,0,0,1,0
99,2015,"Hintzen, N. T.; Roel, B.; Benden, D.; Clarke, M.; Egan, A.; Nash, R. D. M.; Rohlf, N.; Hatfield, E. M. C. 2015. Managing a complex population structure: exploring the importance of information from fisheries-independent sources. ICES JOURNAL OF MARINE SCI",132,0,0,0,1
100,2015,"Li, Yang; Bence, James R.; Brenden, Travis O. 2015. An evaluation of alternative assessment approaches for intermixing fish populations: a case study with Great Lakes lake whitefish. ICES JOURNAL OF MARINE SCIENCE 72 1 70 81 10.1093/icesjms/fsu057",61,0,0,0,1
101,2015,"Needle, Coby L. 2015. Honeycomb: a spatio-temporal simulation model to evaluate management strategies and assessment methods. ICES JOURNAL OF MARINE SCIENCE 72 1 151 163 10.1093/icesjms/fsu130",189,0,0,1,0
102,2014,"Thebaud, Olivier; Ellis, Nick; Little, L. Richard; Doyen, Luc; Marriott, Ross J. 2014. Viability trade-offs in the evaluation of strategies to manage recreational fishing in a marine park. ECOLOGICAL INDICATORS 46  59 69 10.1016/j.ecolind.2014.05.013",232,0,0,0,1
103,2014,"Andersen, Oddgeir; Kaltenborn, Bjorn Petter; Vitterso, Joar; Willebrand, Tomas 2014. Preferred harvest principles and - regulations amongst willow ptarmigan hunters in Norway. WILDLIFE BIOLOGY 20 5 285 290 10.2981/wlb.00048",72,0,0,1,0
104,2014,"Punt, Andre E.; A'mar, Teresa; Bond, Nicholas A.; Butterworth, Douglas S.; de Moor, Carryn L.; De Oliveira, Jose A. A.; Haltuch, Melissa A.; Hollowed, Anne B.; Szuwalski, Cody 2014. Fisheries management under climate and environmental uncertainty: control",179,0,1,1,0
105,2014,"Tveraa, Torkild; Stien, Audun; Broseth, Henrik; Yoccoz, Nigel G. 2014. The role of predation and food limitation on claims for compensation, reindeer demography and population dynamics. JOURNAL OF APPLIED ECOLOGY 51 5 1264 1272 10.1111/1365-2664.12322",121,0,0,1,0
106,2014,"Gao, Lei; Barrett, Damian; Chen, Yun; Zhou, Mingwei; Cuddy, Susan; Paydar, Zahra; Renzullo, Luigi 2014. A systems model combining process-based simulation and multi-objective optimisation for strategic management of mine water. ENVIRONMENTAL MODELLING & S",176,0,0,0,1
107,2014,"Tong Yuhe; Chen Xinjun; Kolody, Dale 2014. Evaluation of Three Harvest Control Rules for Bigeye Tuna (Thunnus obesus) Fisheries in the Indian Ocean. JOURNAL OF OCEAN UNIVERSITY OF CHINA 13 5 811 819 10.1007/s11802-014-2250-0",192,0,0,0,1
108,2014,"Wang, Sheng-Ping; Maunder, Mark N.; Aires-da-Silva, Alexandre 2014. Selectivity's distortion of the production function and its influence on management advice from surplus production models. FISHERIES RESEARCH 158  181 193 10.1016/j.fishres.2014.01.017",85,0,0,1,0
109,2014,"Bunnefeld, Nils; Keane, Aidan 2014. Managing wildlife for ecological, socioeconomic, and evolutionary sustainability. PROCEEDINGS OF THE NATIONAL ACADEMY OF SCIENCES OF THE UNITED STATES OF AMERICA 111 36 12964 12965 10.1073/pnas.1413571111",63,0,0,1,0
110,2014,"O'Neill, Michael F.; Leigh, George M.; Wang, You-Gan; Braccini, J. Matias; Ives, Matthew C. 2014. Linking spatial stock dynamics and economics: evaluation of indicators and fishery management for the travelling eastern king prawn (Melicertus plebejus). IC",152,0,0,0,1
111,2014,"Sigurdardottir, Sigridur; Schruben, Lee 2014. A NEW APPROACH TO SIMULATING FISHERIES DATA FOR POLICY MAKING. NATURAL RESOURCE MODELING 27 3 411 428 10.1111/nrm.12041",37,0,0,1,0
112,2014,"Arteaga, Marcos; Ernst, Billy; Vasquez, Sebastian; Gatica, Claudio 2014. Conceptual bases for implementing a management strategy evaluation (MSE) for common sardine (Strangomera bentincki) and anchovy (Engraulis ringens) in south-central zone of Chile. LA",184,0,0,0,1
113,2014,"Levin, Phillip S.; Kelble, Christopher R.; Shuford, Rebecca L.; Ainsworth, Cameron; deReynier, Yvonne; Dunsmore, Rikki; Fogarty, Michael J.; Holsman, Kirstin; Howell, Evan A.; Monaco, Mark E.; Oakes, Stephanie A.; Werner, Francisco 2014. Guidance for impl",236,0,0,1,0
114,2014,"Little, L. Richard; Parslow, John; Fay, Gavin; Grafton, R. Quentin; Smith, Anthony D. M.; Punt, Andre E.; Tuck, Geoffrey N. 2014. Environmental Derivatives, Risk Analysis, and Conservation Management. CONSERVATION LETTERS 7 3 196 207 10.1111/conl.12041",91,0,0,1,0
115,2014,"Carruthers, Thomas R.; Punt, Andre E.; Walters, Carl J.; MacCall, Alec; McAllister, Murdoch K.; Dick, Edward J.; Cope, Jason 2014. Evaluating methods for setting catch limits in data-limited fisheries. FISHERIES RESEARCH 153  48 68 10.1016/j.fishres.2013.",239,0,0,0,1
116,2014,"Ohshimo, Seiji; Naya, Miyako 2014. Management Strategy Evaluation of Fisheries Resources in Data-poor Situations Using an Operating Model Based on a Production Model. JARQ-JAPAN AGRICULTURAL RESEARCH QUARTERLY 48 2 237 244 10.6090/jarq.48.237",128,0,0,0,1
117,2014,"Fulton, Elizabeth A.; Smith, Anthony D. M.; Smith, David C.; Johnson, Penelope 2014. An Integrated Approach Is Needed for Ecosystem Based Fisheries Management: Insights from Ecosystem-Level Management Strategy Evaluation. PLOS ONE 9 1   10.1371/journal.po",35,1,0,0,1
118,2014,"Edwards, Charles T. T.; Bunnefeld, Nils; Balme, Guy A.; Milner-Gulland, E. J. 2014. Data-poor management of African lion hunting using a relative index of abundance. PROCEEDINGS OF THE NATIONAL ACADEMY OF SCIENCES OF THE UNITED STATES OF AMERICA 111 1 539",244,0,0,0,1
119,2014,"Prieto, Rui; Silva, Monica A.; Waring, Gordon T.; Goncalves, Joao M. A. 2014. Sei whale movements and behaviour in the North Atlantic inferred from satellite telemetry. ENDANGERED SPECIES RESEARCH 26 2 103 113 10.3354/esr00630",101,0,0,1,0
120,2014,"Harting, Albert L.; Johanos, Thea C.; Littnan, Charles L. 2014. Benefits derived from opportunistic survival-enhancing interventions for the Hawaiian monk seal: the silver BB paradigm. ENDANGERED SPECIES RESEARCH 25 1 89 96 10.3354/esr00612",170,0,0,1,0
121,2014,"Nuno, Ana; Bunnefeld, Nils; Milner-Gulland, E. J. 2014. Managing social-ecological systems under uncertainty: implementation in the real world. ECOLOGY AND SOCIETY 19 2   10.5751/ES-06490-190252",241,0,0,1,0
122,2014,"Leith, P.; Ogier, E.; Pecl, G.; Hoshino, E.; Davidson, J.; Haward, M. 2014. Towards a diagnostic approach to climate adaptation for fisheries. CLIMATIC CHANGE 122 43467 55 66 10.1007/s10584-013-0984-0",70,0,1,1,0
123,2013,"Cox, Sean P.; Kronlund, Allen R.; Benson, Ashleen J. 2013. The roles of biological reference points and operational control points inmanagement procedures for the sablefish (Anoplopoma fimbria) fishery in British Columbia, Canada. ENVIRONMENTAL CONSERVATI",11,1,0,0,1
124,2013,"Moore, J. E.; Curtis, K. A.; Lewison, R. L.; Dillingham, P. W.; Cope, J. M.; Fordham, S. V.; Heppell, S. S.; Pardo, S. A.; Simpfendorfer, C. A.; Tuck, G. N.; Zhou, S. 2013. Evaluating sustainability of fisheries bycatch mortality for marine megafauna: a r",138,0,0,1,0
125,2013,"Bunnefeld, Nils; Edwards, Charles T. T.; Atickem, Anagaw; Hailu, Fetene; Milner-Gulland, E. J. 2013. Incentivizing Monitoring and Compliance in Trophy Hunting. CONSERVATION BIOLOGY 27 6 1344 1354 10.1111/cobi.12120",217,0,0,0,1
126,2013,"Smith, David R.; McGowan, Conor P.; Daily, Jonathan P.; Nichols, James D.; Sweka, John A.; Lyons, James E. 2013. Evaluating a multispecies adaptive management framework: must uncertainty impede effective decision-making?. JOURNAL OF APPLIED ECOLOGY 50 6 1",20,1,0,0,1
127,2013,"Bedford, R. A.; Hearne, J. W.; Wang, Y.; Gorfine, H. K.; Taylor, B. 2013. EVALUATING ALTERNATIVE MANAGEMENT STRATEGIES FOR ABALONE. NATURAL RESOURCE MODELING 26 4 628 647 10.1111/nrm.12017",65,0,0,0,1
128,2013,"Pascoe, Sean; Hutton, Trevor; van Putten, Ingrid; Dennis, Darren; Skewes, Tim; Plaganyi, Eva; Deng, Roy 2013. DEA-based predictors for estimating fleet size changes when modelling the introduction of rights-based management. EUROPEAN JOURNAL OF OPERATIONA",202,0,0,1,0
129,2013,"Garcia, Dorleta; Urtizberea, Agurtzane; Diez, Guzman; Gil, Juan; Marchal, Paul 2013. Bio-economic management strategy evaluation of deepwater stocks using the FLBEIA model. AQUATIC LIVING RESOURCES 26 4 365 U3382 10.1051/alr/2013069",164,0,0,0,1
130,2013,"Fay, Gavin; Large, Scott I.; Link, Jason S.; Gamble, Robert J. 2013. Testing systemic fishing responses with ecosystem indicators. ECOLOGICAL MODELLING 265  45 55 10.1016/j.ecolmodel.2013.05.016",5,0,0,1,0
131,2013,"Szuwalski, Cody S.; Punt, Andre E. 2013. Fisheries management for regime-based ecosystems: a management strategy evaluation for the snow crab fishery in the eastern Bering Sea. ICES JOURNAL OF MARINE SCIENCE 70 5 955 967 10.1093/icesjms/fss182",171,0,0,0,1
132,2013,"Wiedenmann, John; Wilberg, Michael J.; Miller, Thomas J. 2013. An Evaluation of Harvest Control Rules for Data-Poor Fisheries. NORTH AMERICAN JOURNAL OF FISHERIES MANAGEMENT 33 4 845 860 10.1080/02755947.2013.811128",237,0,0,0,1
133,2013,"Dichmont, Catherine M.; Ellis, Nick; Bustamante, Rodrigo H.; Deng, Roy; Tickell, Sharon; Pascual, Ricardo; Lozano-Montes, Hector; Griffiths, Shane 2013. Evaluating marine spatial closures with conflicting fisheries and conservation objectives. JOURNAL OF",15,1,0,0,1
134,2013,"Plaganyi, Eva E.; Skewes, Timothy D.; Dowling, Natalie A.; Haddon, Malcolm 2013. Risk management tools for sustainable fisheries management under changing climate: a sea cucumber example. CLIMATIC CHANGE 119 1 181 197 10.1007/s10584-012-0596-0",18,1,1,0,1
135,2013,"Skagen, Dankert W.; Skern-Mauritzen, Mette; Dankel, Dorothy; Enberg, Katja; Kjesbu, Olav S.; Nash, Richard D. M. 2013. A simulation framework for evaluating fisheries management decisions using environmental information. ICES JOURNAL OF MARINE SCIENCE 70",86,0,1,1,0
136,2013,"Marchal, Paul; Vermard, Youen 2013. Evaluating deepwater fisheries management strategies using a mixed-fisheries and spatially explicit modelling framework. ICES JOURNAL OF MARINE SCIENCE 70 4 768 781 10.1093/icesjms/fst073",96,0,0,0,1
137,2013,"Curtis, K. Alexandra; Moore, Jeffrey E. 2013. Calculating reference points for anthropogenic mortality of marine turtles. AQUATIC CONSERVATION-MARINE AND FRESHWATER ECOSYSTEMS 23 3 441 459 10.1002/aqc.2308",158,0,0,0,1
138,2013,"Ives, M. C.; Scandol, J. P.; Greenville, J. 2013. A bio-economic management strategy evaluation for a multi-species, multi-fleet fishery facing a world of uncertainty. ECOLOGICAL MODELLING 256  69 84 10.1016/j.ecolmodel.2013.01.022",174,0,0,0,1
139,2013,"Wayte, Sally E. 2013. Management implications of including a climate-induced recruitment shift in the stock assessment for jackass morwong (Nemadactylus macropterus) in south-eastern Australia. FISHERIES RESEARCH 142  47 55 10.1016/j.fishres.2012.07.009",218,1,1,0,1
140,2013,"Haddon, Malcolm; Helidoniotis, Fay 2013. LEGAL MINIMUM LENGTHS AND THE MANAGEMENT OF ABALONE FISHERIES. JOURNAL OF SHELLFISH RESEARCH 32 1 197 208 10.2983/035.032.0126",36,1,0,0,1
141,2013,"Winship, Arliss J.; O'Farrell, Michael R.; Mohr, Michael S. 2013. Management strategy evaluation applied to the conservation of an endangered population subject to incidental take. BIOLOGICAL CONSERVATION 158  155 166 10.1016/j.biocon.2012.08.031",215,0,0,0,1
142,2013,"Ives, Matthew C.; Scandol, James P. 2013. BIOMAS: A bio-economic modelling and assessment system for fisheries management strategy evaluation. ECOLOGICAL MODELLING 249  42 49 10.1016/j.ecolmodel.2012.07.006",92,0,0,1,0
143,2013,"Punt, Andre E.; Trinnie, Fabian; Walker, Terence I.; McGarvey, Richard; Feenstra, John; Linnane, Adrian; Hartmann, Klaas 2013. The performance of a management procedure for rock lobsters, Jasus edwardsii, off western Victoria, Australia in the face of non",90,0,0,0,1
144,2012,"Boyce, Mark S.; Baxter, Peter W. J.; Possingham, Hugh P. 2012. Managing moose harvests by the seat of your pants. THEORETICAL POPULATION BIOLOGY 82 4 340 347 10.1016/j.tpb.2012.03.002",113,0,0,0,1
145,2012,"Klaer, Neil L.; Wayte, Sally E.; Fay, Gavin 2012. An evaluation of the performance of a harvest strategy that uses an average-length-based assessment method. FISHERIES RESEARCH 134  42 51 10.1016/j.fishres.2012.08.010",8,1,0,0,1
146,2012,"Bischof, Richard; Nilsen, Erlend B.; Broseth, Henrik; Maennil, Peep; Ozolins, Janis; Linnell, John D. C. 2012. Implementation uncertainty when using recreational hunting to manage carnivores. JOURNAL OF APPLIED ECOLOGY 49 4 824 832 10.1111/j.1365-2664.201",44,1,0,0,1
147,2012,"Deroba, Jonathan J.; Bence, James R. 2012. Evaluating harvest control rules for lake whitefish in the Great Lakes: Accounting for variable life-history traits. FISHERIES RESEARCH 121  88 103 10.1016/j.fishres.2012.01.015",55,0,0,0,1
148,2012,"Blythe, Jonathan N.; Dadi, Upendra 2012. Knowledge integration as a method to develop capacity for evaluating technical information on biodiversity and ocean currents for integrated coastal management. ENVIRONMENTAL SCIENCE & POLICY 19-20  49 58 10.1016/j",73,0,0,1,0
149,2012,"Punt, Andre E.; Siddeek, M. S. M.; Garber-Yonts, Brian; Dalton, Michael; Rugolo, Louis; Stram, Diana; Turnock, Benjamin J.; Zheng, Jie 2012. Evaluating the impact of buffers to account for scientific uncertainty when setting TACs: application to red king",6,1,0,0,1
150,2012,"Plaganyi, Eva E.; Butterworth, Doug S. 2012. The Scotia Sea krill fishery and its possible impacts on dependent predators: modeling localized depletion of prey. ECOLOGICAL APPLICATIONS 22 3 748 761 10.1890/11-0441.1",178,0,0,1,0
151,2012,"de la Mare, William; Ellis, Nick; Pascual, Ricardo; Tickell, Sharon 2012. An empirical model of water quality for use in rapid management strategy evaluation in Southeast Queensland, Australia. MARINE POLLUTION BULLETIN 64 4 704 711 10.1016/j.marpolbul.20",139,0,0,1,0
152,2012,"Punt, Andre E.; McGarvey, Richard; Linnane, Adrian; Phillips, Justin; Triantafillos, Lianos; Feenstra, John 2012. Evaluating empirical decision rules for southern rock lobster fisheries: A South Australian example. FISHERIES RESEARCH 115  60 71 10.1016/j.",31,1,0,0,1
153,2012,"Schlueter, M.; Mcallister, R. R. J.; Arlinghaus, R.; Bunnefeld, N.; Eisenack, K.; Hoelker, F.; Milner-Gulland, E. J.; Mueller, B. 2012. NEW HORIZONS FOR MANAGING THE ENVIRONMENT: A REVIEW OF COUPLED SOCIAL-ECOLOGICAL SYSTEMS MODELING. NATURAL RESOURCE MOD",134,0,0,1,0
154,2012,"Milner-Gulland, E. J. 2012. Interactions between human behaviour and ecological systems. PHILOSOPHICAL TRANSACTIONS OF THE ROYAL SOCIETY B-BIOLOGICAL SCIENCES 367 1586 270 278 10.1098/rstb.2011.0175",24,0,0,1,0
155,2012,"Dichmont, Catherine M.; Deng, Roy A.; Punt, Andre E.; Venables, William N.; Hutton, Trevor 2012. From input to output controls in a short-lived species: the case of Australia's Northern Prawn Fishery. MARINE AND FRESHWATER RESEARCH 63 8 727 739 10.1071/MF",75,0,0,0,1
156,2012,"Gamble, Robert J.; Link, Jason S. 2012. Using an aggregate production simulation model with ecological interactions to explore effects of fishing and climate on a fish community. MARINE ECOLOGY PROGRESS SERIES 459  259 274 10.3354/meps09745",106,0,0,1,0
157,2012,"Gaichas, Sarah; Gamble, Robert; Fogarty, Michael; Benoit, Hugues; Essington, Tim; Fu, Caihong; Koen-Alonso, Mariano; Link, Jason 2012. Assembly rules for aggregate-species production models: simulations in support of management strategy evaluation. MARINE",212,0,0,0,1
158,2011,"Ye, Yimin; Cochrane, Kevern; Qiu, Yongsong 2011. Using ecological indicators in the context of an ecosystem approach to fisheries for data-limited fisheries. FISHERIES RESEARCH 112 3 108 116 10.1016/j.fishres.2011.06.004",149,0,0,1,0
159,2011,"de Moor, Carryn L.; Butterworth, Douglas S.; De Oliveira, Jose A. A. 2011. Is the management procedure approach equipped to handle short-lived pelagic species with their boom and bust dynamics? The case of the South African fishery for sardine and anchovy",147,0,0,0,1
160,2011,"Bunnefeld, Nils; Hoshino, Eriko; Milner-Gulland, Eleanor J. 2011. Management strategy evaluation: a powerful tool for conservation?. TRENDS IN ECOLOGY & EVOLUTION 26 9 441 447 10.1016/j.tree.2011.05.003",136,0,0,1,0
161,2011,"Little, L. Richard; Wayte, Sally E.; Tuck, Geoffrey N.; Smith, Anthony D. M.; Klaer, Neil; Haddon, Malcolm; Punt, Andre E.; Thomson, Robin; Day, Jemery; Fuller, Mike 2011. Development and evaluation of a cpue-based harvest control rule for the southern an",60,0,0,0,1
162,2011,"Gao, Lei; Hailu, Atakelty 2011. Evaluating the effects of area closure for recreational fishing in a coral reef ecosystem: The benefits of an integrated economic and biophysical modeling. ECOLOGICAL ECONOMICS 70 10 1735 1745 10.1016/j.ecolecon.2011.04.014",56,0,0,0,1
163,2011,"Fay, Gavin; Punt, Andre E.; Smith, Anthony D. M. 2011. Impacts of spatial uncertainty on performance of age structure-based harvest strategies for blue eye trevalla (Hyperoglyphe antarctica). FISHERIES RESEARCH 110 3 391 407 10.1016/j.fishres.2011.04.015",156,0,0,0,1
164,2011,"Johnson, Penelope; Fulton, Elizabeth; Smith, David C.; Jenkins, Gregory P.; Barrett, Neville 2011. THE USE OF TELESCOPING SPATIAL SCALES TO CAPTURE INSHORE TO SLOPE DYNAMICS IN MARINE ECOSYSTEM MODELING. NATURAL RESOURCE MODELING 24 3 335 364 10.1111/j.19",119,0,0,1,0
165,2011,"Zhang, Yuying; Chen, Yong; Wilson, Carl 2011. Developing and evaluating harvest control rules with different biological reference points for the American lobster (Homarus americanus) fishery in the Gulf of Maine. ICES JOURNAL OF MARINE SCIENCE 68 7 1511 1",194,0,0,0,1
166,2011,"Plaganyi, Eva E.; Weeks, Scarla J.; Skewes, Tim D.; Gibbs, Mark T.; Poloczanska, Elvira S.; Norman-Lopez, Ana; Blamey, Laura K.; Soares, Muri; Robinson, William M. L. 2011. Assessing the adequacy of current fisheries management under changing climate: a s",233,0,1,1,0
167,2011,"Garcia, Dorleta; Prellezo, Raul; Santurtun, Marina; Arregi, Luis 2011. Winners and losers of a technical change: A case study of long-term management of the Northern European Hake. FISHERIES RESEARCH 110 1 98 110 10.1016/j.fishres.2011.03.018",122,0,0,0,1
168,2011,"Hollowed, Anne B.; Aydin, Kerim Y.; Essington, Timothy E.; Ianelli, James N.; Megrey, Bernard A.; Punt, Andre E.; Smith, Anthony D. M. 2011. Experience with quantitative ecosystem assessment tools in the northeast Pacific. FISH AND FISHERIES 12 2 189 208",251,0,0,1,0
169,2011,"Myrseth, Johanna; Enberg, Katja; Heino, Mikko; Fiksen, Oyvind 2011. DO ACCURATE STOCK ESTIMATES INCREASE HARVEST AND REDUCE VARIABILITY IN FISHERIES YIELDS?. NATURAL RESOURCE MODELING 24 2 222 241 10.1111/j.1939-7445.2011.00089.x",142,0,0,0,1
170,2011,"Punt, Andre E. 2011. The impact of climate change on the performance of rebuilding strategies for overfished groundfish species of the US west coast. FISHERIES RESEARCH 109 43499 320 329 10.1016/j.fishres.2011.02.019",146,1,1,0,1
171,2011,"Williams, Ashley J.; Little, L. Richard; Begg, Gavin A. 2011. Balancing indigenous and non-indigenous commercial objectives in a coral reef finfish fishery. ICES JOURNAL OF MARINE SCIENCE 68 5 834 847 10.1093/icesjms/fsr034",4,1,0,0,1
172,2011,"Prince, Jeremy D.; Dowling, Natalie A.; Davies, Campbell R.; Campbell, Robert A.; Kolody, Dale S. 2011. A simple cost-effective and scale-less empirical approach to harvest strategies. ICES JOURNAL OF MARINE SCIENCE 68 5 947 960 10.1093/icesjms/fsr029",222,0,0,0,1
173,2011,"Little, L. R.; Grafton, R. Q.; Kompas, T.; Smith, A. D. M.; Punt, A. E.; Mapstone, B. D. 2011. Complementarity of No-Take Marine Reserves and Individual Transferable Catch Quotas for Managing the Line Fishery of the Great Barrier Reef. CONSERVATION BIOLOG",45,1,0,0,1
174,2011,"Horbowy, Jan 2011. Comparison of stock management with production, difference, and age-structured models using operating models. FISHERIES RESEARCH 108 1 153 162 10.1016/j.fishres.2010.12.015",41,1,0,0,1
175,2011,"Babcock, Elizabeth A.; MacCall, Alec D. 2011. How useful is the ratio of fish density outside versus inside no-take marine reserves as a metric for fishery management control rules?. CANADIAN JOURNAL OF FISHERIES AND AQUATIC SCIENCES 68 2 343 359 10.1139/",229,0,0,0,1
176,2011,"Milner-Gulland, E. J. 2011. Integrating fisheries approaches and household utility models for improved resource management. PROCEEDINGS OF THE NATIONAL ACADEMY OF SCIENCES OF THE UNITED STATES OF AMERICA 108 4 1741 1746 10.1073/pnas.1010533108",108,0,0,1,0
177,2011,"McGilliard, Carey R.; Hilborn, Ray; MacCall, Alec; Punt, Andre E.; Field, John C. 2011. Can information from marine protected areas be used to inform control-rule-based management of small-scale, data-poor stocks?. ICES JOURNAL OF MARINE SCIENCE 68 1 201",183,0,0,0,1
178,2011,"Wiegand, Jessica; Hunter, Ewan; Dulvy, Nicholas K. 2011. Are spatial closures better than size limits for halting the decline of the North Sea thornback ray, Raja clavata?. MARINE AND FRESHWATER RESEARCH 62 6 722 733 10.1071/MF10141",186,0,0,0,1
179,2010,"Milner-Gulland, E. J.; Arroyo, Beatriz; Bellard, Celine; Blanchard, Julia; Bunnefeld, Nils; Delibes-Mateos, Miguel; Edwards, Charles; Nuno, Ana; Palazy, Lucille; Reljic, Slaven; Riera, Pere; Skrbinsek, Tomaz 2010. New directions in management strategy eva",213,0,0,1,0
180,2010,"Wayte, Sally E.; Klaer, Neil L. 2010. An effective harvest strategy using improved catch-curves. FISHERIES RESEARCH 106 3 310 320 10.1016/j.fishres.2010.08.012",116,0,0,0,1
181,2010,"Kruse, Gordon H.; Zheng, Jie; Stram, Diana L. 2010. Recovery of the Bristol Bay stock of red king crabs under a rebuilding plan. ICES JOURNAL OF MARINE SCIENCE 67 9 1866 1874 10.1093/icesjms/fsq136",145,0,0,0,1
182,2010,"Miller, David C. M.; Shelton, Peter A. 2010. Satisficing and trade-offs: evaluating rebuilding strategies for Greenland halibut off the east coast of Canada. ICES JOURNAL OF MARINE SCIENCE 67 9 1896 1902 10.1093/icesjms/fsq083",196,0,0,0,1
183,2010,"Howell, Daniel; Bogstad, Bjarte 2010. A combined Gadget/FLR model for management strategy evaluations of the Barents Sea fisheries. ICES JOURNAL OF MARINE SCIENCE 67 9 1998 2004 10.1093/icesjms/fsq135",173,0,0,0,1
184,2010,"Cleary, J. S.; Cox, S. P.; Schweigert, J. F. 2010. Performance evaluation of harvest control rules for Pacific herring management in British Columbia, Canada. ICES JOURNAL OF MARINE SCIENCE 67 9 2005 2011 10.1093/icesjms/fsq129",93,0,0,0,1
185,2010,"Hurtado-Ferro, Felipe; Hiramatsu, Kazuhiko; Shirakihara, Kunio 2010. Allowing for environmental effects in a management strategy evaluation for Japanese sardine. ICES JOURNAL OF MARINE SCIENCE 67 9 2012 2017 10.1093/icesjms/fsq126",211,0,0,0,1
186,2010,"O'Neill, Michael F.; Campbell, Alexander B.; Brown, Ian W.; Johnstone, Ron 2010. Using catch rate data for simple cost-effective quota setting in the Australian spanner crab (Ranina ranina) fishery. ICES JOURNAL OF MARINE SCIENCE 67 8 1538 1552 10.1093/ic",140,0,0,0,1
187,2010,"Baudron, Alan; Ulrich, Clara; Nielsen, J. Rasmus; Boje, Jesper 2010. Comparative evaluation of a mixed-fisheries effort-management system based on the Faroe Islands example. ICES JOURNAL OF MARINE SCIENCE 67 5 1036 1050 10.1093/icesjms/fsp284",226,0,0,0,1
188,2010,"Brunel, Thomas; Piet, Gerjan J.; van Hal, Ralf; Rockmann, Christine 2010. Performance of harvest control rules in a variable environment. ICES JOURNAL OF MARINE SCIENCE 67 5 1051 1062 10.1093/icesjms/fsp297",197,1,1,0,1
189,2010,"Kurota, Hiroyuki; Hiramatsu, Kazuhiko; Takahashi, Norio; Shono, Hiroshi; Itoh, Tomoyuki; Tsuji, Sachiko 2010. Developing a management procedure robust to uncertainty for southern bluefin tuna: a somewhat frustrating struggle to bridge the gap between idea",220,0,0,0,1
190,2010,"Kraak, Sarah B. M.; Kelly, Ciaran J.; Codling, Edward A.; Rogan, Emer 2010. On scientists' discomfort in fisheries advisory science: the example of simulation-based fisheries management-strategy evaluations. FISH AND FISHERIES 11 2 119 132 10.1111/j.1467-",208,0,0,1,0
191,2010,"Murua, H.; Quincoces, I.; Garcia, D.; Korta, M. 2010. Is the Northern European hake, Merluccius merluccius, management procedure robust to the exclusion of reproductive dynamics?. FISHERIES RESEARCH 104 43468 123 135 10.1016/j.fishres.2010.03.018",234,0,0,0,1
192,2010,"Butterworth, Douglas S.; Bentley, Nokome; De Oliveira, Jose A. A.; Donovan, Gregory P.; Kell, Laurence T.; Parma, Ana M.; Punt, Andre E.; Sainsbury, Keith J.; Smith, Anthony D. M.; Stokes, T. Kevin 2010. Purported flaws in management strategy evaluation:",185,0,0,1,0
193,2010,"Rochet, Marie-Joelle; Rice, Jake C. 2010. Comment on ""Purported flaws in management strategy evaluation: basic problems or misinterpretation?"" by Butterworth et al.. ICES JOURNAL OF MARINE SCIENCE 67 3 575 576 10.1093/icesjms/fsq006",159,0,0,1,0
194,2010,"Jardim, Ernesto; Cervino, Santiago; Azevedo, Manuela 2010. Evaluating management strategies to implement the recovery plan for Iberian hake (Merluccius merluccius); the impact of censored catch information. ICES JOURNAL OF MARINE SCIENCE 67 2 258 269 10.1",155,0,0,0,1
195,2010,"A'mar, Z. Teresa; Punt, Andre E.; Dorn, Martin W. 2010. Incorporating ecosystem forcing through predation into a management strategy evaluation for the Gulf of Alaska walleye pollock (Theragra chalcogramma) fishery. FISHERIES RESEARCH 102 43467 98 114 10.",53,0,0,0,1
196,2010,"Bastardie, Francois; Vinther, Morten; Nielsen, J. Rasmus; Ulrich, Clara; Paulsen, Marie Storr 2010. Stock-based vs. fleet-based evaluation of the multi-annual management plan for the cod stocks in the Baltic Sea. FISHERIES RESEARCH 101 3 188 202 10.1016/j",200,0,0,0,1
197,2010,"Pomarede, Marine; Hillary, Richard; Ibaibarriaga, Leire; Bogaards, Johannes; Apostolaki, Panayiota 2010. Evaluating the performance of survey-based operational management procedures. AQUATIC LIVING RESOURCES 23 1 77 94 10.1051/alr/2010005",59,0,0,0,1
198,2010,"Bastardie, Francois; Nielsen, J. Rasmus; Kraus, Gerd 2010. The eastern Baltic cod fishery: a fleet-based management strategy evaluation framework to assess the cod recovery plan of 2008. ICES JOURNAL OF MARINE SCIENCE 67 1 71 86 10.1093/icesjms/fsp228",22,1,0,0,1
199,2010,"Dichmont, Catherine M.; Brown, Ian W. 2010. A Case Study in Successful Management of a Data-Poor Fishery Using Simple Decision Rules: the Queensland Spanner Crab Fishery. MARINE AND COASTAL FISHERIES 2 1 1 13 10.1577/C08-034.1",225,0,0,0,1
200,2010,"Wilson, Jono R.; Prince, Jeremy D.; Lenihan, Hunter S. 2010. A Management Strategy for Sedentary Nearshore Species that Uses Marine Protected Areas as a Reference. MARINE AND COASTAL FISHERIES 2 1 14 27 10.1577/C08-026.1",69,0,0,0,1
201,2010,"Butterworth, Doug S.; Johnston, Susan J.; Brandao, Anabela 2010. Pretesting the Likely Efficacy of Suggested Management Approaches to Data-Poor Fisheries. MARINE AND COASTAL FISHERIES 2 1 131 145 10.1577/C08-038.1",246,0,0,0,1
202,2010,"Hoshino, Eriko; Hillary, Richard M.; Pearce, John 2010. Economically Optimal Management Strategies for the South Georgia Patagonian Toothfish Fishery. MARINE RESOURCE ECONOMICS 25 3 265 280 10.5950/0738-1360-25.3.265",99,0,0,0,1
203,2009,"Dorner, Brigitte; Peterman, Randall M.; Su, Zhenming 2009. Evaluation of performance of alternative management models of Pacific salmon (Oncorhynchus spp.) in the presence of climatic change and outcome uncertainty using Monte Carlo simulations. CANADIAN",151,0,1,0,1
204,2009,"A'mar, Z. Teresa; Punt, Andre E.; Dorn, Martin W. 2009. The impact of regime shifts on the performance of management strategies for the Gulf of Alaska walleye pollock (Theragra chalcogramma) fishery. CANADIAN JOURNAL OF FISHERIES AND AQUATIC SCIENCES 66 1",76,0,1,0,1
205,2009,"Hill, Simeon L.; Trathan, Philip N.; Agnew, David J. 2009. The risk to fishery performance associated with spatially resolved management of Antarctic krill (Euphausia superba) harvesting. ICES JOURNAL OF MARINE SCIENCE 66 10 2148 2154 10.1093/icesjms/fsp1",114,0,0,1,0
206,2009,"Little, L. Richard; Punt, Andre E.; Mapstone, Bruce D.; Begg, Gavin A.; Goldman, Barry; Ellis, Nick 2009. Different responses to area closures and effort controls for sedentary and migratory harvested species in a multispecies coral reef linefishery. ICES",7,1,0,0,1
207,2009,"A'mar, Z. Teresa; Punt, Andre' E.; Dorn, Martin W. 2009. The evaluation of two management strategies for the Gulf of Alaska walleye pollock fishery under climate change. ICES JOURNAL OF MARINE SCIENCE 66 7 1614 1632 10.1093/icesjms/fsp044",118,1,1,0,1
208,2009,"Rochet, Marie-Joelle; Rice, Jake C. 2009. Simulation-based management strategy evaluation: ignorance disguised as mathematics?. ICES JOURNAL OF MARINE SCIENCE 66 4 754 762 10.1093/icesjms/fsp023",98,0,0,1,0
209,2009,"Hillary, Richard 2009. An introduction to FLR fisheries simulation tools. AQUATIC LIVING RESOURCES 22 2 225 232 10.1051/alr/2009023",163,0,0,1,0
210,2009,"De Lara, M.; Martinet, V. 2009. Multi-criteria dynamic decision under uncertainty: A stochastic viability analysis and an application to sustainable fishery management. MATHEMATICAL BIOSCIENCES 217 2 118 124 10.1016/j.mbs.2008.11.003",30,0,0,1,0
211,2009,"Punt, Andre E.; Hobday, David 2009. Management strategy evaluation for rock lobster, Jasus edwardsii, off Victoria, Australia: accounting for uncertainty in stock structure. NEW ZEALAND JOURNAL OF MARINE AND FRESHWATER RESEARCH 43 1 485 509 10.1080/002883",14,1,0,0,1
212,2009,"Smith, David; Punt, Andre; Dowling, Natalie; Smith, Anthony; Tuck, Geoff; Knuckey, Ian 2009. Reconciling Approaches to the Assessment and Management of Data-Poor Species and Fisheries with Australia's Harvest Strategy Policy. MARINE AND COASTAL FISHERIES",87,0,0,1,0
213,2009,"Ives, M. C.; Scandol, J. P.; Montgomery, S. S.; Suthers, I. M. 2009. Modelling the possible effects of climate change on an Australian multi-fleet prawn fishery. MARINE AND FRESHWATER RESEARCH 60 12 1211 1222 10.1071/MF07110",129,1,1,0,1
214,2009,"Holland, Daniel S.; Herrera, Guillermo (Ta) E. 2009. Uncertainty in the Management of Fisheries: Contradictory Implications and a New Approach. MARINE RESOURCE ECONOMICS 24 3 289 299 10.1086/mre.24.3.42629656",240,0,0,1,0
215,2008,"Deroba, Jonathan J.; Bence, James R. 2008. A review of harvest policies: Understanding relative performance of control rules. FISHERIES RESEARCH 94 3 210 223 10.1016/j.fishres.2008.01.003",153,0,0,1,0
216,2008,"Cox, Sean P.; Kronlund, Allen Robert 2008. Practical stakeholder-driven harvest policies for groundfish fisheries in British Columbia, Canada. FISHERIES RESEARCH 94 3 224 237 10.1016/j.fishres.2008.05.006",177,0,0,0,1
217,2008,"Dichmont, C. M.; Deng, A.; Punt, A. E.; Ellis, N.; Venables, W. N.; Kompas, T.; Ye, Y.; Zhou, S.; Bishop, J. 2008. Beyond biological performance measures in management strategy evaluation: Bringing in economics and the effects of trawling on the benthos.",209,0,0,0,1
218,2008,"Irwin, Brian J.; Wilberg, Michael J.; Bence, James R.; Jones, Michael L. 2008. Evaluating alternative harvest policies for yellow perch in southern Lake Michigan. FISHERIES RESEARCH 94 3 267 281 10.1016/j.fishres.2008.05.009",33,1,0,0,1
219,2008,"Mapstone, B. D.; Little, L. R.; Punt, A. E.; Davies, C. R.; Smith, A. D. M.; Pantus, F.; McDonald, A. D.; Williams, A. J.; Jones, A. 2008. Management strategy evaluation for line fishing in the Great Barrier Reef: Balancing conservation and multi-sector f",104,0,0,0,1
220,2008,"Kolody, D.; Polacheck, T.; Basson, M.; Davies, C. 2008. Salvaged pearls: lessons learned from a floundering attempt to develop a management procedure for Southern Bluefin Tuna. FISHERIES RESEARCH 94 3 339 350 10.1016/j.fishres.2008.08.016",26,1,0,0,1
221,2008,"Smith, Anthony D. M.; Smith, David C.; Tuck, Geoffrey N.; Klaer, Neil; Punt, Andre E.; Knuckey, Ian; Prince, Jeremy; Morison, Alexander; Kloser, Rudy; Haddon, Malcolm; Wayte, Sally; Day, Jemery; Fay, Gavin; Pribac, Fred; Fuller, Mike; Taylor, Bruce; Littl",38,0,0,1,0
222,2008,"Powers, Joseph E.; Brooks, Elizabeth N. 2008. Penalties and rewards for over- and underages of catch allocations. ICES JOURNAL OF MARINE SCIENCE 65 9 1541 1551 10.1093/icesjms/fsn133",227,0,0,0,1
223,2008,"Needle, Coby L. 2008. Management strategy evaluation for North Sea haddock. FISHERIES RESEARCH 94 2 141 150 10.1016/j.fishres.2008.03.004",180,0,0,0,1
224,2008,"Ellis, Nick; Pantus, Francis; Welna, Andrzej; Butler, Alan 2008. Evaluating ecosystem-based management options: Effects of trawling in Torres Strait, Australia. CONTINENTAL SHELF RESEARCH 28 16 2324 2338 10.1016/j.csr.2008.03.031",43,1,0,0,1
225,2008,"Dunstan, Piers K.; Bax, Nicholas J. 2008. Management of an invasive marine species: defining and testing the effectiveness of ballast-water management options using management strategy evaluation. ICES JOURNAL OF MARINE SCIENCE 65 6 841 850 10.1093/icesjm",247,0,0,0,1
226,2008,"Duplisea, Daniel E.; Robert, Dominique 2008. Prerecruit survival and recruitment of northern Gulf of St Lawrence Atlantic cod. ICES JOURNAL OF MARINE SCIENCE 65 6 946 952 10.1093/icesjms/fsn081",50,0,0,1,0
227,2008,"McDonald, A. D.; Little, L. R.; Gray, R.; Fulton, E.; Sainsbury, K. J.; Lyne, V. D. 2008. An agent-based modelling approach to evaluation of multiple-use management strategies for coastal marine ecosystems. MATHEMATICS AND COMPUTERS IN SIMULATION 78 43499",103,0,0,0,1
228,2008,"Kraak, S. B. M.; Buisman, F. C.; Dickey-Collas, M.; Poos, J. J.; Pastoors, M. A.; Smit, J. G. P.; van Oostenbrugge, J. A. E.; Daan, N. 2008. The effect of management choices on the sustainability and economic performance of a mixed fishery: a simulation s",206,0,0,0,1
229,2007,"Schnute, Jon T.; Maunder, Mark N.; lanelli, James N. 2007. Designing tools evaluate fishery management strategies: can the scientific community deliver?. ICES JOURNAL OF MARINE SCIENCE 64 6 1077 1084 10.1093/icesjms/fsm109",2,0,0,1,0
230,2007,"Marasco, Richard J.; Goodman, Daniel; Grimes, Churchill B.; Lawson, Peter W.; Punt, Andre E.; Quinn, Terrance J., II 2007. Ecosystem-based fisheries management: some practical suggestions. CANADIAN JOURNAL OF FISHERIES AND AQUATIC SCIENCES 64 6 928 939 10",102,0,0,1,0
231,2007,"Butterworth, Doug S. 2007. Why a management procedure approach? Some positives and negatives. ICES JOURNAL OF MARINE SCIENCE 64 4 613 617 10.1093/icesjms/fsm003",235,0,0,1,0
232,2007,"Smith, A. D. M.; Fulton, E. J.; Hobday, A. J.; Smith, D. C.; Shoulder, P. 2007. Scientific tools to support the practical implementation of ecosystem-based fisheries management. ICES JOURNAL OF MARINE SCIENCE 64 4 633 639 10.1093/icesjms/fsm041",9,0,0,1,0
233,2007,"Kell, L. T.; Mosqueira, I.; Grosjean, P.; Fromentin, J-M.; Garcia, D.; Hillary, R.; Jardim, E.; Mardle, S.; Pastoors, M. A.; Poos, J. J.; Scott, F.; Scott, R. D. 2007. FLR: an open-source framework for the evaluation and development of management strategi",161,0,0,1,0
234,2007,"Ulrich, Clara; Andersen, Bo Solgaard; Sparre, Per J.; Nielsen, J. Rasmus 2007. TEMAS: fleet-based bio-economic simulation software to evaluate management strategies accounting for fleet behaviour. ICES JOURNAL OF MARINE SCIENCE 64 4 647 651 10.1093/icesjm",253,0,0,1,0
235,2007,"Pastoors, Martin A.; Poos, Jan Jaap; Kraak, Sarah B. M.; Machiels, Marcel A. M. 2007. Validating management simulation models and implications for communicating results to stakeholders. ICES JOURNAL OF MARINE SCIENCE 64 4 818 824 10.1093/icesjms/fsm051",167,0,0,1,0
236,2006,"Dichmont, Catherine M.; Deng, Aijun (Roy); Punt, Andre E.; Venables, William; Haddon, Malcolm 2006. Management strategies for short-lived species: The case of Australia's Northern Prawn Fishery 1. Accounting for multiple species, spatial structure and imp",105,0,0,1,0
237,2006,"Dichmont, Catherine M.; Deng, Aijun (Roy); Punt, Andre E.; Venables, William; Haddon, Malcolm 2006. Management strategies for short lived species: The case of Australia's Northern Prawn Fishery 2. Choosing appropriate management strategies using input con",127,0,0,0,1
238,2006,"Dichmont, Catherine M.; Deng, Aijun (Roy); Punt, Andre E.; Venables, William; Haddon, Malcolm 2006. Management strategies for short lived species: The case of Australia's Northern Prawn Fishery 3. Factors affecting management and estimation performance. F",17,1,0,0,1
239,2006,"Maunder, Mark N.; Sibert, John R.; Fonteneau, Alain; Hampton, John; Kleiber, Pierre; Harley, Shelton J. 2006. Interpreting catch per unit effort data to assess the status of individual stocks and communities. ICES JOURNAL OF MARINE SCIENCE 63 8 1373 1385",193,0,0,1,0
240,2005,"Kell, LT; Pastoors, AA; Scott, RD; Smith, MT; Van Beek, FA; O'Brien, CM; Pilling, GM 2005. Evaluation of multiple management objectives for Northeast Atlantic flatfish stocks: sustainability vs. stability of yield. ICES JOURNAL OF MARINE SCIENCE 62 6 1104",168,0,0,0,1
241,2005,"Kell, LT; Pilling, GM; Kirkwood, GP; Pastoors, M; Mesnil, B; Korsbrekke, K; Abaunza, P; Aps, R; Biseau, A; Kunzlik, P; Needle, C; Roel, BA; Ulrich-Rescan, C 2005. An evaluation of the implicit management procedure used for some ICES roundfish stocks. ICES",40,1,0,0,1
242,2005,"Constable, AJ 2005. A possible framework in which to consider plausible models of the Antarctic marine ecosystem for evaluating krill management procedures. CCAMLR SCIENCE 12  99 117",252,0,0,1,0
243,2004,"Little, LR; Kuikka, S; Punt, AE; Pantus, F; Davies, CR; Mapstone, BD 2004. Information flow among fishing vessels modelled using a Bayesian network. ENVIRONMENTAL MODELLING & SOFTWARE 19 1 27 34 10.1016/S1364-8152(03)00100-2",126,0,0,1,0
244,2002,"Punt, AE; Smith, ADM; Cui, GR 2002. Evaluation of management tools for Australia's South East Fishery 1. Modelling the South East Fishery taking account of technical interactions. MARINE AND FRESHWATER RESEARCH 53 3 615 629 10.1071/MF01007",143,0,0,0,1
245,2001,"Constable, A 2001. The ecosystem approach to managing fisheries: Achieving conservation objectives for predators of fished species. CCAMLR SCIENCE 8  37 64",51,0,0,1,0
246,2001,"Tilzey, RDJ; Rowling, KR 2001. History of Australia's South East Fishery: a scientist's perspective. MARINE AND FRESHWATER RESEARCH 52 4 361 375 10.1071/MF99185",54,0,0,1,0
247,2001,"Smith, DC; Smith, ADM; Punt, AE 2001. Approach and process for stock assessment in the South East Fishery, Australia: a perspective. MARINE AND FRESHWATER RESEARCH 52 4 671 681 10.1071/MF00150",32,0,0,1,0
248,2001,"Punt, AE; Smith, ADM; Cui, GR 2001. Review of progress in the introduction of management strategy evaluation (MSE) approaches in Australia's South East Fishery. MARINE AND FRESHWATER RESEARCH 52 4 719 726 10.1071/MF99187",71,0,0,0,1
249,2000,"Sainsbury, KJ; Punt, AE; Smith, ADM 2000. Design of operational management strategies for achieving fishery ecosystem objectives. ICES JOURNAL OF MARINE SCIENCE 57 3 731 741 10.1006/jmsc.2000.0737",190,0,0,1,0
250,2000,"Stenz, G; Wolf, A 2000. E-SETHEO: An Automated(3) Theorem Prover. LECTURE NOTES IN ARTIFICIAL INTELLIGENCE 1847  436 440",97,0,0,1,0
251,2000,"de la Mare, WK; Constable, AJ 2000. Utilising data from ecosystem monitoring for managing fisheries: Development of statistical summaries of indices arising from the CCAMLR ecosystem monitoring program. CCAMLR SCIENCE 7  101 117",109,0,0,1,0
252,1999,"Polacheck, T; Klaer, NL; Millar, C; Preece, AL 1999. An initial evaluation of management strategies for the southern bluefin tuna fishery. ICES JOURNAL OF MARINE SCIENCE 56 6 811 826 10.1006/jmsc.1999.0554",107,0,0,0,1
253,1999,"Smith, ADM; Sainsbury, KJ; Stevens, RA 1999. Implementing effective fisheries-management systems - management strategy evaluation and the Australian partnership approach. ICES JOURNAL OF MARINE SCIENCE 56 6 967 979 10.1006/jmsc.1999.0540",100,0,0,1,0
254,2018,"Hofmann, E.E. et. al. 2018. An Overview of Factors Affecting Distribution of the Atlantic Surfclam (Spisula solidissima), a Continental Shelf Biomass Dominant, During a Period of Climate Change. Journal of Shellfish Research, 37(4), pp.821-832.",254,1,1,0,1
255,2018,"Arrizabalaga, Santiago; Li, ZhuoFactors Influencing the Assessment of Albacore Tuna Resources in the Indian OceanCCAMLR SCIENCE252107119",NA,0,0,1,0
256,2017,"Clarke, Maurice; Egan, AfraGood luck or good governance? The recovery of Celtic Sea herringMARINE POLICY78163170",NA,0,0,0,1
257,2017,"Garcia, Dorleta; Sanchez, Sonia; Prellezo, Raul; Urtizberea, Agurtzane; Andres, MargaFLBEIA: A simulation model to conduct Bio-Economic evaluation of fisheries management strategiesSOFTWAREX6141147",NA,0,0,1,0
258,2016,"Carruthers, Thomas R.; Agnew, David J.Using simulation to determine standard requirements for recovery rates of fish stocksMARINE POLICY73146153",NA,0,0,0,1
259,2016,"Da-Rocha, Jose-Maria; Mato-Amboage, RosaOn the Benefits of Including Age-Structure in Harvest Control RulesENVIRONMENTAL & RESOURCE ECONOMICS644619641",NA,0,0,1,0
260,2016,"Kempf, Alexander; Mumford, John; Levontin, Polina; Leach, Adrian; Hoff, Ayoe; Hamon, Katell G.; Bartelings, Heleen; Vinther, Morten; Staebler, Moritz; Poos, Jan Jaap; Smout, Sophie; Frost, Hans; van den Burg, Sander; Ulrich, Clara; Rindorf, AnnaThe MSY concept in a multi-objective fisheries environment - Lessons from the North SeaMARINE POLICY69146158",NA,0,0,0,1
261,2016,"Gaichas, Sarah K.; Seagraves, Richard J.; Coakley, Jessica M.; DePiper, Geret S.; Guida, Vincent G.; Hare, Jonathan A.; Rego, Paul J.; Wilberg, Michael J.A Framework for Incorporating Species, Fleet, Habitat, and Climate Interactions into Fishery ManagementFRONTIERS IN MARINE SCIENCE3",NA,0,0,1,0
262,2015,"Stewart, Ian J.; Martell, Steven J. D.Reconciling stock assessment paradigms to better inform fisheries managementICES JOURNAL OF MARINE SCIENCE72821872196",NA,0,0,1,0
263,2015,"Evans, K.; Young, J. W.; Nicol, S.; Kolody, D.; Allain, V.; Bell, J.; Brown, J. N.; Ganachaud, A.; Hobday, A. J.; Hunt, B.; Innes, J.; Sen Gupta, A.; van Sebille, E.; Kloser, R.; Patterson, T.; Singh, A.Optimising fisheries management in relation to tuna catches in the western central Pacific Ocean: A review of research priorities and opportunitiesMARINE POLICY5994104",NA,0,0,1,0
264,2014,"Leach, Adrian W.; Levontin, Polina; Holt, Johnson; Kell, Laurence T.; Mumford, John D.Identification and prioritization of uncertainties for management of Eastern Atlantic bluefin tuna (Thunnus thynnus)MARINE POLICY488492",NA,0,0,1,0
